sample_id,true_label,true_class,predicted_label,predicted_class,probability_attack,quantized_output,correct,inference_us
0,1,Attack,1,Attack,0.89300579,-121,1,266
1,1,Attack,1,Attack,0.89300579,-121,1,177
2,1,Attack,1,Attack,0.99989843,-111,1,170
3,1,Attack,1,Attack,1.0,-85,1,168
4,1,Attack,1,Attack,0.99994993,-110,1,177
5,1,Attack,1,Attack,0.99652326,-116,1,176
6,0,Normal,1,Attack,0.5,-124,0,171
7,0,Normal,0,Normal,0.10699424,-127,1,168
8,1,Attack,1,Attack,0.99652326,-116,1,170
9,0,Normal,0,Normal,0.10699424,-127,1,168
10,0,Normal,1,Attack,0.5,-124,0,171
11,1,Attack,1,Attack,0.99828303,-115,1,168
12,1,Attack,1,Attack,0.99958211,-113,1,171
13,0,Normal,0,Normal,0.10699424,-127,1,177
14,1,Attack,0,Normal,0.33020177,-125,0,170
15,1,Attack,1,Attack,0.89300579,-121,1,168
16,0,Normal,0,Normal,0.10699424,-127,1,170
17,1,Attack,1,Attack,0.9717049,-119,1,168
18,0,Normal,0,Normal,0.05577227,-128,1,179
19,0,Normal,1,Attack,0.94422776,-120,0,168
20,1,Attack,1,Attack,0.99999928,-104,1,171
21,1,Attack,1,Attack,1.0,-100,1,169
22,1,Attack,1,Attack,0.98584783,-118,1,170
23,1,Attack,1,Attack,0.99652326,-116,1,168
24,0,Normal,0,Normal,0.10699424,-127,1,171
25,0,Normal,1,Attack,0.66979825,-123,0,168
26,0,Normal,1,Attack,0.89300579,-121,0,170
27,1,Attack,1,Attack,0.99999964,-103,1,169
28,0,Normal,1,Attack,0.80448192,-122,0,170
29,0,Normal,1,Attack,0.80448192,-122,0,168
30,0,Normal,0,Normal,0.19551814,-126,1,171
31,1,Attack,1,Attack,1.0,127,1,168
32,1,Attack,1,Attack,0.94422776,-120,1,179
33,1,Attack,1,Attack,0.99915278,-114,1,168
34,1,Attack,1,Attack,0.9717049,-119,1,170
35,1,Attack,1,Attack,0.66979825,-123,1,168
36,0,Normal,1,Attack,0.5,-124,0,179
37,1,Attack,1,Attack,0.89300579,-121,1,168
38,1,Attack,1,Attack,0.94422776,-120,1,171
39,1,Attack,1,Attack,0.99652326,-116,1,168
40,0,Normal,0,Normal,0.33020177,-125,1,171
41,0,Normal,0,Normal,0.10699424,-127,1,169
42,1,Attack,1,Attack,1.0,-100,1,170
43,0,Normal,0,Normal,0.19551814,-126,1,168
44,0,Normal,0,Normal,0.05577227,-128,1,171
45,0,Normal,1,Attack,0.9717049,-119,0,168
46,1,Attack,1,Attack,1.0,-67,1,171
47,0,Normal,0,Normal,0.10699424,-127,1,176
48,0,Normal,1,Attack,0.94422776,-120,0,170
49,1,Attack,1,Attack,0.99999964,-103,1,169
50,1,Attack,1,Attack,0.89300579,-121,1,170
51,0,Normal,1,Attack,0.94422776,-120,0,168
52,1,Attack,1,Attack,1.0,-93,1,179
53,0,Normal,0,Normal,0.10699424,-127,1,168
54,1,Attack,1,Attack,1.0,-97,1,171
55,1,Attack,1,Attack,0.99999857,-105,1,169
56,0,Normal,1,Attack,0.89300579,-121,0,171
57,1,Attack,1,Attack,0.99989843,-111,1,168
58,0,Normal,0,Normal,0.10699424,-127,1,171
59,1,Attack,1,Attack,0.89300579,-121,1,168
60,1,Attack,1,Attack,1.0,126,1,171
61,0,Normal,1,Attack,0.99297273,-117,0,168
62,0,Normal,1,Attack,0.80448192,-122,0,170
63,0,Normal,0,Normal,0.10699424,-127,1,177
64,0,Normal,0,Normal,0.10699424,-127,1,171
65,1,Attack,1,Attack,0.89300579,-121,1,168
66,0,Normal,1,Attack,0.66979825,-123,0,171
67,0,Normal,1,Attack,0.66979825,-123,0,168
68,0,Normal,1,Attack,0.94422776,-120,0,170
69,0,Normal,1,Attack,0.89300579,-121,0,168
70,1,Attack,1,Attack,0.80448192,-122,1,170
71,1,Attack,1,Attack,0.80448192,-122,1,168
72,1,Attack,1,Attack,0.99915278,-114,1,170
73,0,Normal,0,Normal,0.19551814,-126,1,168
74,1,Attack,1,Attack,1.0,127,1,178
75,1,Attack,1,Attack,1.0,-91,1,168
76,0,Normal,0,Normal,0.05577227,-128,1,171
77,0,Normal,0,Normal,0.10699424,-127,1,168
78,1,Attack,1,Attack,0.9717049,-119,1,170
79,0,Normal,0,Normal,0.19551814,-126,1,176
80,0,Normal,1,Attack,0.66979825,-123,0,171
81,0,Normal,1,Attack,0.89300579,-121,0,177
82,1,Attack,1,Attack,0.80448192,-122,1,178
83,0,Normal,0,Normal,0.10699424,-127,1,169
84,0,Normal,0,Normal,0.05577227,-128,1,178
85,1,Attack,1,Attack,0.99297273,-117,1,168
86,0,Normal,0,Normal,0.19551814,-126,1,171
87,1,Attack,1,Attack,0.99999857,-105,1,169
88,1,Attack,1,Attack,0.99652326,-116,1,179
89,1,Attack,1,Attack,0.89300579,-121,1,168
90,0,Normal,1,Attack,0.89300579,-121,0,179
91,0,Normal,0,Normal,0.10699424,-127,1,168
92,0,Normal,0,Normal,0.10699424,-127,1,171
93,0,Normal,0,Normal,0.10699424,-127,1,168
94,0,Normal,0,Normal,0.10699424,-127,1,171
95,0,Normal,0,Normal,0.05577227,-128,1,176
96,0,Normal,1,Attack,0.66979825,-123,0,171
97,1,Attack,1,Attack,0.66979825,-123,1,168
98,0,Normal,0,Normal,0.10699424,-127,1,171
99,0,Normal,0,Normal,0.10699424,-127,1,168
100,0,Normal,1,Attack,0.94422776,-120,0,170
101,1,Attack,1,Attack,1.0,127,1,170
102,1,Attack,1,Attack,0.94422776,-120,1,170
103,0,Normal,0,Normal,0.33020177,-125,1,169
104,0,Normal,1,Attack,0.98584783,-118,0,170
105,0,Normal,0,Normal,0.05577227,-128,1,169
106,1,Attack,1,Attack,0.99999404,-107,1,178
107,1,Attack,1,Attack,0.99989843,-111,1,177
108,1,Attack,0,Normal,0.10699424,-127,0,169
109,0,Normal,1,Attack,0.66979825,-123,0,170
110,1,Attack,1,Attack,0.5,-124,1,169
111,0,Normal,0,Normal,0.10699424,-127,1,170
112,1,Attack,1,Attack,0.89300579,-121,1,177
113,1,Attack,1,Attack,1.0,127,1,170
114,1,Attack,1,Attack,0.80448192,-122,1,169
115,1,Attack,0,Normal,0.19551814,-126,0,169
116,0,Normal,1,Attack,0.99297273,-117,0,169
117,1,Attack,1,Attack,0.99989843,-111,1,170
118,0,Normal,0,Normal,0.10699424,-127,1,169
119,0,Normal,0,Normal,0.10699424,-127,1,169
120,1,Attack,1,Attack,0.9717049,-119,1,169
121,1,Attack,1,Attack,0.99979395,-112,1,176
122,0,Normal,0,Normal,0.19551814,-126,1,169
123,0,Normal,1,Attack,0.5,-124,0,168
124,0,Normal,1,Attack,0.89300579,-121,0,170
125,1,Attack,1,Attack,0.99999404,-107,1,168
126,1,Attack,1,Attack,1.0,-96,1,170
127,1,Attack,1,Attack,0.99297273,-117,1,168
128,1,Attack,0,Normal,0.33020177,-125,0,170
129,0,Normal,0,Normal,0.19551814,-126,1,168
130,1,Attack,1,Attack,0.80448192,-122,1,171
131,1,Attack,1,Attack,1.0,-83,1,168
132,1,Attack,1,Attack,1.0,127,1,171
133,1,Attack,1,Attack,0.99997532,-109,1,168
134,1,Attack,1,Attack,0.98584783,-118,1,179
135,1,Attack,1,Attack,0.89300579,-121,1,176
136,1,Attack,1,Attack,1.0,-93,1,170
137,1,Attack,1,Attack,0.98584783,-118,1,168
138,1,Attack,0,Normal,0.19551814,-126,0,170
139,1,Attack,1,Attack,0.99958211,-113,1,168
140,1,Attack,1,Attack,1.0,-99,1,171
141,0,Normal,0,Normal,0.19551814,-126,1,176
142,1,Attack,1,Attack,1.0,-98,1,171
143,1,Attack,1,Attack,0.89300579,-121,1,168
144,0,Normal,0,Normal,0.19551814,-126,1,170
145,1,Attack,1,Attack,0.89300579,-121,1,168
146,0,Normal,0,Normal,0.10699424,-127,1,171
147,0,Normal,1,Attack,0.66979825,-123,0,168
148,1,Attack,1,Attack,0.99989843,-111,1,179
149,0,Normal,0,Normal,0.19551814,-126,1,168
150,1,Attack,1,Attack,0.99997532,-109,1,178
151,1,Attack,1,Attack,0.99997532,-109,1,169
152,1,Attack,1,Attack,0.99999964,-103,1,171
153,1,Attack,1,Attack,0.80448192,-122,1,169
154,1,Attack,1,Attack,1.0,126,1,178
155,1,Attack,1,Attack,0.99828303,-115,1,168
156,0,Normal,1,Attack,0.89300579,-121,0,171
157,0,Normal,1,Attack,0.66979825,-123,0,168
158,0,Normal,1,Attack,0.98584783,-118,0,170
159,0,Normal,0,Normal,0.19551814,-126,1,175
160,1,Attack,1,Attack,0.99915278,-114,1,170
161,0,Normal,0,Normal,0.33020177,-125,1,168
162,1,Attack,1,Attack,0.99999702,-106,1,177
163,0,Normal,0,Normal,0.33020177,-125,1,169
164,1,Attack,1,Attack,1.0,-76,1,169
165,0,Normal,1,Attack,0.89300579,-121,0,169
166,1,Attack,1,Attack,1.0,-97,1,170
167,0,Normal,1,Attack,0.5,-124,0,176
168,0,Normal,1,Attack,0.5,-124,0,169
169,1,Attack,1,Attack,0.89300579,-121,1,177
170,1,Attack,1,Attack,1.0,127,1,169
171,1,Attack,1,Attack,0.89300579,-121,1,169
172,1,Attack,0,Normal,0.33020177,-125,0,169
173,0,Normal,1,Attack,0.80448192,-122,0,170
174,1,Attack,1,Attack,0.99979395,-112,1,169
175,0,Normal,0,Normal,0.10699424,-127,1,170
176,0,Normal,0,Normal,0.05577227,-128,1,169
177,1,Attack,1,Attack,1.0,-83,1,169
178,0,Normal,0,Normal,0.33020177,-125,1,169
179,0,Normal,0,Normal,0.10699424,-127,1,168
180,0,Normal,0,Normal,0.19551814,-126,1,170
181,1,Attack,1,Attack,0.99828303,-115,1,169
182,1,Attack,1,Attack,0.99652326,-116,1,169
183,0,Normal,1,Attack,0.5,-124,0,169
184,1,Attack,0,Normal,0.33020177,-125,0,169
185,1,Attack,1,Attack,0.99997532,-109,1,170
186,0,Normal,0,Normal,0.19551814,-126,1,177
187,1,Attack,1,Attack,1.0,-100,1,169
188,1,Attack,1,Attack,0.99999702,-106,1,170
189,0,Normal,0,Normal,0.10699424,-127,1,169
190,1,Attack,1,Attack,1.0,-99,1,169
191,1,Attack,1,Attack,1.0,-79,1,170
192,1,Attack,1,Attack,1.0,-87,1,169
193,1,Attack,1,Attack,0.80448192,-122,1,169
194,1,Attack,1,Attack,0.99958211,-113,1,169
195,0,Normal,0,Normal,0.10699424,-127,1,169
196,0,Normal,1,Attack,0.66979825,-123,0,169
197,1,Attack,0,Normal,0.10699424,-127,0,170
198,0,Normal,0,Normal,0.10699424,-127,1,169
199,1,Attack,1,Attack,0.99958211,-113,1,170
200,0,Normal,1,Attack,0.5,-124,0,178
201,0,Normal,0,Normal,0.19551814,-126,1,169
202,1,Attack,1,Attack,0.80448192,-122,1,169
203,1,Attack,1,Attack,1.0,-85,1,169
204,0,Normal,0,Normal,0.19551814,-126,1,169
205,1,Attack,1,Attack,0.99297273,-117,1,169
206,1,Attack,1,Attack,0.99828303,-115,1,169
207,1,Attack,1,Attack,0.99999988,-102,1,170
208,1,Attack,1,Attack,0.99828303,-115,1,176
209,0,Normal,1,Attack,0.5,-124,0,170
210,1,Attack,1,Attack,0.89300579,-121,1,169
211,1,Attack,1,Attack,0.99999988,-102,1,169
212,0,Normal,1,Attack,0.66979825,-123,0,169
213,0,Normal,0,Normal,0.10699424,-127,1,170
214,1,Attack,1,Attack,0.99297273,-117,1,169
215,0,Normal,1,Attack,0.89300579,-121,0,170
216,0,Normal,1,Attack,0.80448192,-122,0,169
217,0,Normal,0,Normal,0.10699424,-127,1,170
218,1,Attack,1,Attack,0.89300579,-121,1,169
219,1,Attack,1,Attack,1.0,-100,1,169
220,0,Normal,0,Normal,0.19551814,-126,1,177
221,1,Attack,1,Attack,0.9717049,-119,1,170
222,1,Attack,1,Attack,0.99958211,-113,1,170
223,0,Normal,0,Normal,0.10699424,-127,1,170
224,0,Normal,0,Normal,0.19551814,-126,1,169
225,0,Normal,0,Normal,0.10699424,-127,1,177
226,1,Attack,1,Attack,0.80448192,-122,1,169
227,1,Attack,1,Attack,0.94422776,-120,1,169
228,1,Attack,1,Attack,0.98584783,-118,1,177
229,0,Normal,1,Attack,0.66979825,-123,0,170
230,0,Normal,0,Normal,0.10699424,-127,1,169
231,0,Normal,1,Attack,0.98584783,-118,0,170
232,1,Attack,1,Attack,1.0,-73,1,169
233,0,Normal,0,Normal,0.10699424,-127,1,170
234,0,Normal,0,Normal,0.05577227,-128,1,169
235,0,Normal,1,Attack,0.80448192,-122,0,169
236,1,Attack,1,Attack,0.99652326,-116,1,177
237,0,Normal,0,Normal,0.33020177,-125,1,170
238,0,Normal,1,Attack,0.9717049,-119,0,169
239,1,Attack,1,Attack,0.89300579,-121,1,169
240,1,Attack,1,Attack,0.99828303,-115,1,169
241,0,Normal,1,Attack,0.80448192,-122,0,170
242,1,Attack,1,Attack,0.9717049,-119,1,170
243,1,Attack,1,Attack,0.99652326,-116,1,169
244,0,Normal,0,Normal,0.10699424,-127,1,170
245,0,Normal,0,Normal,0.10699424,-127,1,169
246,0,Normal,1,Attack,0.94422776,-120,0,178
247,0,Normal,0,Normal,0.10699424,-127,1,169
248,0,Normal,0,Normal,0.10699424,-127,1,169
249,0,Normal,0,Normal,0.19551814,-126,1,169
250,0,Normal,1,Attack,0.94422776,-120,0,170
251,0,Normal,1,Attack,0.89300579,-121,0,169
252,1,Attack,1,Attack,0.94422776,-120,1,170
253,1,Attack,0,Normal,0.10699424,-127,0,168
254,0,Normal,0,Normal,0.10699424,-127,1,170
255,0,Normal,1,Attack,0.66979825,-123,0,168
256,0,Normal,0,Normal,0.10699424,-127,1,170
257,1,Attack,1,Attack,0.9717049,-119,1,168
258,0,Normal,0,Normal,0.19551814,-126,1,171
259,0,Normal,1,Attack,0.89300579,-121,0,169
260,0,Normal,0,Normal,0.05577227,-128,1,170
261,1,Attack,1,Attack,0.94422776,-120,1,177
262,1,Attack,1,Attack,0.98584783,-118,1,171
263,0,Normal,1,Attack,0.98584783,-118,0,168
264,1,Attack,1,Attack,1.0,117,1,178
265,1,Attack,1,Attack,1.0,-82,1,168
266,0,Normal,0,Normal,0.33020177,-125,1,171
267,0,Normal,1,Attack,0.66979825,-123,0,168
268,0,Normal,1,Attack,0.94422776,-120,0,170
269,1,Attack,1,Attack,0.66979825,-123,1,176
270,1,Attack,1,Attack,1.0,116,1,170
271,1,Attack,1,Attack,0.99828303,-115,1,168
272,0,Normal,0,Normal,0.19551814,-126,1,178
273,0,Normal,0,Normal,0.33020177,-125,1,168
274,0,Normal,0,Normal,0.10699424,-127,1,170
275,0,Normal,1,Attack,0.66979825,-123,0,169
276,1,Attack,1,Attack,0.98584783,-118,1,171
277,0,Normal,1,Attack,0.80448192,-122,0,168
278,1,Attack,1,Attack,0.99994993,-110,1,171
279,0,Normal,0,Normal,0.10699424,-127,1,168
280,0,Normal,0,Normal,0.19551814,-126,1,178
281,0,Normal,0,Normal,0.19551814,-126,1,168
282,1,Attack,1,Attack,0.99915278,-114,1,179
283,0,Normal,0,Normal,0.19551814,-126,1,169
284,0,Normal,0,Normal,0.33020177,-125,1,171
285,1,Attack,1,Attack,0.89300579,-121,1,177
286,0,Normal,0,Normal,0.19551814,-126,1,178
287,1,Attack,1,Attack,1.0,-98,1,168
288,0,Normal,0,Normal,0.10699424,-127,1,170
289,0,Normal,0,Normal,0.10699424,-127,1,168
290,1,Attack,1,Attack,1.0,-89,1,171
291,1,Attack,1,Attack,0.94422776,-120,1,176
292,0,Normal,0,Normal,0.10699424,-127,1,170
293,1,Attack,1,Attack,0.94422776,-120,1,168
294,1,Attack,1,Attack,0.99297273,-117,1,171
295,1,Attack,1,Attack,0.99915278,-114,1,176
296,1,Attack,1,Attack,1.0,116,1,171
297,1,Attack,1,Attack,0.89300579,-121,1,168
298,0,Normal,0,Normal,0.10699424,-127,1,171
299,1,Attack,1,Attack,0.99297273,-117,1,168
300,0,Normal,0,Normal,0.19551814,-126,1,178
301,1,Attack,0,Normal,0.19551814,-126,0,168
302,0,Normal,0,Normal,0.10699424,-127,1,170
303,1,Attack,1,Attack,0.99915278,-114,1,168
304,1,Attack,1,Attack,0.99915278,-114,1,178
305,1,Attack,1,Attack,1.0,-80,1,168
306,1,Attack,1,Attack,0.99915278,-114,1,171
307,0,Normal,1,Attack,0.80448192,-122,0,168
308,1,Attack,1,Attack,1.0,-77,1,171
309,0,Normal,0,Normal,0.10699424,-127,1,168
310,1,Attack,1,Attack,1.0,117,1,171
311,1,Attack,1,Attack,0.99999988,-102,1,168
312,1,Attack,1,Attack,0.80448192,-122,1,170
313,1,Attack,1,Attack,0.99999988,-101,1,168
314,0,Normal,0,Normal,0.33020177,-125,1,170
315,0,Normal,0,Normal,0.10699424,-127,1,168
316,1,Attack,1,Attack,1.0,113,1,171
317,1,Attack,0,Normal,0.33020177,-125,0,176
318,1,Attack,1,Attack,1.0,-90,1,171
319,1,Attack,1,Attack,1.0,-99,1,168
320,1,Attack,1,Attack,0.99989843,-111,1,171
321,1,Attack,1,Attack,0.99998784,-108,1,175
322,0,Normal,0,Normal,0.19551814,-126,1,178
323,0,Normal,1,Attack,0.89300579,-121,0,176
324,0,Normal,1,Attack,0.5,-124,0,170
325,0,Normal,0,Normal,0.33020177,-125,1,168
326,0,Normal,0,Normal,0.33020177,-125,1,170
327,0,Normal,1,Attack,0.5,-124,0,168
328,0,Normal,0,Normal,0.05577227,-128,1,171
329,0,Normal,1,Attack,0.9717049,-119,0,169
330,1,Attack,1,Attack,1.0,-99,1,171
331,1,Attack,1,Attack,0.98584783,-118,1,168
332,0,Normal,0,Normal,0.05577227,-128,1,170
333,1,Attack,1,Attack,1.0,-96,1,168
334,0,Normal,1,Attack,0.5,-124,0,171
335,1,Attack,0,Normal,0.33020177,-125,0,175
336,1,Attack,1,Attack,0.99999404,-107,1,170
337,1,Attack,1,Attack,0.99979395,-112,1,168
338,0,Normal,0,Normal,0.10699424,-127,1,178
339,0,Normal,0,Normal,0.05577227,-128,1,168
340,1,Attack,1,Attack,0.66979825,-123,1,171
341,0,Normal,0,Normal,0.10699424,-127,1,168
342,1,Attack,1,Attack,0.5,-124,1,171
343,1,Attack,1,Attack,0.66979825,-123,1,168
344,0,Normal,0,Normal,0.10699424,-127,1,171
345,0,Normal,1,Attack,0.89300579,-121,0,168
346,0,Normal,0,Normal,0.19551814,-126,1,170
347,0,Normal,1,Attack,0.80448192,-122,0,168
348,1,Attack,1,Attack,0.99994993,-110,1,171
349,1,Attack,1,Attack,0.80448192,-122,1,176
350,1,Attack,1,Attack,0.99828303,-115,1,171
351,1,Attack,1,Attack,0.89300579,-121,1,168
352,1,Attack,1,Attack,0.80448192,-122,1,171
353,0,Normal,1,Attack,0.5,-124,0,175
354,1,Attack,1,Attack,0.66979825,-123,1,170
355,1,Attack,1,Attack,0.99915278,-114,1,168
356,0,Normal,0,Normal,0.10699424,-127,1,179
357,1,Attack,1,Attack,0.99999988,-102,1,168
358,1,Attack,1,Attack,1.0,118,1,171
359,0,Normal,1,Attack,0.66979825,-123,0,176
360,1,Attack,1,Attack,1.0,121,1,170
361,0,Normal,1,Attack,0.89300579,-121,0,168
362,0,Normal,0,Normal,0.33020177,-125,1,171
363,1,Attack,1,Attack,0.99297273,-117,1,169
364,0,Normal,0,Normal,0.10699424,-127,1,170
365,0,Normal,1,Attack,0.5,-124,0,168
366,1,Attack,1,Attack,0.99297273,-117,1,171
367,1,Attack,1,Attack,0.80448192,-122,1,169
368,0,Normal,0,Normal,0.10699424,-127,1,170
369,0,Normal,1,Attack,0.5,-124,0,169
370,1,Attack,1,Attack,1.0,125,1,170
371,1,Attack,1,Attack,0.94422776,-120,1,168
372,1,Attack,1,Attack,0.99999404,-107,1,171
373,0,Normal,0,Normal,0.10699424,-127,1,168
374,1,Attack,1,Attack,0.89300579,-121,1,171
375,0,Normal,1,Attack,0.89300579,-121,0,168
376,0,Normal,0,Normal,0.10699424,-127,1,170
377,0,Normal,1,Attack,0.89300579,-121,0,177
378,0,Normal,1,Attack,0.89300579,-121,0,170
379,0,Normal,0,Normal,0.19551814,-126,1,176
380,1,Attack,1,Attack,0.99828303,-115,1,171
381,0,Normal,0,Normal,0.10699424,-127,1,168
382,1,Attack,1,Attack,0.98584783,-118,1,170
383,1,Attack,1,Attack,1.0,-95,1,169
384,0,Normal,0,Normal,0.19551814,-126,1,171
385,0,Normal,1,Attack,0.94422776,-120,0,168
386,0,Normal,0,Normal,0.10699424,-127,1,170
387,0,Normal,1,Attack,0.66979825,-123,0,169
388,0,Normal,0,Normal,0.10699424,-127,1,171
389,0,Normal,1,Attack,0.94422776,-120,0,168
390,1,Attack,1,Attack,1.0,127,1,171
391,1,Attack,1,Attack,0.99958211,-113,1,168
392,0,Normal,0,Normal,0.10699424,-127,1,170
393,1,Attack,1,Attack,0.99994993,-110,1,168
394,0,Normal,0,Normal,0.10699424,-127,1,171
395,1,Attack,1,Attack,0.89300579,-121,1,168
396,0,Normal,1,Attack,0.98584783,-118,0,178
397,0,Normal,1,Attack,0.5,-124,0,168
398,0,Normal,0,Normal,0.10699424,-127,1,178
399,1,Attack,1,Attack,0.66979825,-123,1,168
400,1,Attack,1,Attack,0.99979395,-112,1,171
401,0,Normal,0,Normal,0.19551814,-126,1,168
402,1,Attack,0,Normal,0.33020177,-125,0,171
403,1,Attack,1,Attack,0.89300579,-121,1,168
404,0,Normal,1,Attack,0.89300579,-121,0,171
405,0,Normal,0,Normal,0.10699424,-127,1,176
406,0,Normal,0,Normal,0.10699424,-127,1,171
407,0,Normal,0,Normal,0.33020177,-125,1,168
408,0,Normal,0,Normal,0.10699424,-127,1,170
409,1,Attack,1,Attack,0.99998784,-108,1,175
410,1,Attack,1,Attack,0.99999857,-105,1,170
411,0,Normal,0,Normal,0.19551814,-126,1,168
412,1,Attack,1,Attack,0.99958211,-113,1,170
413,0,Normal,1,Attack,0.5,-124,0,168
414,0,Normal,0,Normal,0.19551814,-126,1,170
415,1,Attack,1,Attack,1.0,-96,1,168
416,1,Attack,1,Attack,0.9717049,-119,1,170
417,0,Normal,0,Normal,0.10699424,-127,1,168
418,1,Attack,1,Attack,0.99958211,-113,1,171
419,1,Attack,1,Attack,0.99915278,-114,1,176
420,1,Attack,1,Attack,0.99828303,-115,1,178
421,0,Normal,0,Normal,0.10699424,-127,1,168
422,1,Attack,1,Attack,0.99999404,-107,1,178
423,0,Normal,0,Normal,0.10699424,-127,1,168
424,0,Normal,0,Normal,0.19551814,-126,1,170
425,0,Normal,0,Normal,0.33020177,-125,1,168
426,1,Attack,1,Attack,0.5,-124,1,170
427,1,Attack,1,Attack,0.99999702,-106,1,175
428,1,Attack,1,Attack,0.89300579,-121,1,170
429,0,Normal,0,Normal,0.33020177,-125,1,168
430,1,Attack,1,Attack,0.89300579,-121,1,170
431,0,Normal,0,Normal,0.19551814,-126,1,176
432,1,Attack,1,Attack,1.0,-99,1,170
433,0,Normal,0,Normal,0.19551814,-126,1,176
434,0,Normal,1,Attack,0.89300579,-121,0,171
435,1,Attack,1,Attack,0.94422776,-120,1,168
436,0,Normal,0,Normal,0.33020177,-125,1,171
437,1,Attack,1,Attack,0.98584783,-118,1,168
438,0,Normal,0,Normal,0.10699424,-127,1,170
439,1,Attack,1,Attack,0.89300579,-121,1,169
440,0,Normal,1,Attack,0.66979825,-123,0,170
441,0,Normal,0,Normal,0.10699424,-127,1,169
442,0,Normal,1,Attack,0.89300579,-121,0,171
443,0,Normal,0,Normal,0.10699424,-127,1,177
444,0,Normal,1,Attack,0.80448192,-122,0,171
445,0,Normal,1,Attack,0.89300579,-121,0,168
446,0,Normal,0,Normal,0.19551814,-126,1,171
447,0,Normal,0,Normal,0.19551814,-126,1,169
448,1,Attack,1,Attack,0.94422776,-120,1,170
449,1,Attack,1,Attack,0.99999988,-101,1,168
450,1,Attack,1,Attack,0.98584783,-118,1,171
451,1,Attack,1,Attack,0.80448192,-122,1,168
452,1,Attack,1,Attack,0.89300579,-121,1,170
453,0,Normal,1,Attack,0.89300579,-121,0,169
454,0,Normal,0,Normal,0.33020177,-125,1,177
455,1,Attack,1,Attack,0.80448192,-122,1,169
456,1,Attack,1,Attack,0.99999928,-104,1,169
457,0,Normal,0,Normal,0.10699424,-127,1,169
458,1,Attack,1,Attack,0.5,-124,1,170
459,1,Attack,1,Attack,1.0,-98,1,170
460,1,Attack,1,Attack,0.94422776,-120,1,170
461,0,Normal,0,Normal,0.19551814,-126,1,168
462,0,Normal,1,Attack,0.94422776,-120,0,179
463,0,Normal,1,Attack,0.80448192,-122,0,168
464,0,Normal,0,Normal,0.05577227,-128,1,170
465,1,Attack,1,Attack,0.99958211,-113,1,168
466,0,Normal,0,Normal,0.10699424,-127,1,170
467,0,Normal,0,Normal,0.19551814,-126,1,177
468,1,Attack,1,Attack,0.99297273,-117,1,169
469,1,Attack,0,Normal,0.33020177,-125,0,170
470,0,Normal,1,Attack,0.66979825,-123,0,177
471,1,Attack,1,Attack,0.89300579,-121,1,168
472,1,Attack,1,Attack,0.9717049,-119,1,170
473,1,Attack,1,Attack,0.89300579,-121,1,176
474,0,Normal,0,Normal,0.10699424,-127,1,170
475,0,Normal,0,Normal,0.10699424,-127,1,169
476,1,Attack,1,Attack,0.99999964,-103,1,171
477,1,Attack,1,Attack,0.80448192,-122,1,168
478,0,Normal,1,Attack,0.9717049,-119,0,171
479,1,Attack,1,Attack,0.9717049,-119,1,168
480,1,Attack,0,Normal,0.19551814,-126,0,170
481,1,Attack,1,Attack,0.98584783,-118,1,169
482,1,Attack,1,Attack,1.0,-86,1,177
483,1,Attack,1,Attack,0.99958211,-113,1,169
484,1,Attack,1,Attack,0.99979395,-112,1,171
485,0,Normal,0,Normal,0.10699424,-127,1,177
486,0,Normal,1,Attack,0.66979825,-123,0,171
487,1,Attack,1,Attack,0.99999964,-103,1,169
488,0,Normal,0,Normal,0.10699424,-127,1,170
489,1,Attack,1,Attack,0.89300579,-121,1,168
490,0,Normal,1,Attack,0.89300579,-121,0,171
491,1,Attack,1,Attack,0.66979825,-123,1,168
492,0,Normal,0,Normal,0.10699424,-127,1,170
493,1,Attack,1,Attack,0.99997532,-109,1,176
494,0,Normal,0,Normal,0.19551814,-126,1,170
495,1,Attack,0,Normal,0.10699424,-127,0,168
496,0,Normal,1,Attack,0.80448192,-122,0,170
497,1,Attack,1,Attack,0.99297273,-117,1,168
498,1,Attack,1,Attack,1.0,-78,1,171
499,0,Normal,0,Normal,0.10699424,-127,1,176
500,1,Attack,1,Attack,0.99915278,-114,1,170
501,1,Attack,1,Attack,1.0,-88,1,168
502,1,Attack,1,Attack,0.80448192,-122,1,170
503,1,Attack,1,Attack,0.99915278,-114,1,168
504,0,Normal,1,Attack,0.89300579,-121,0,170
505,1,Attack,1,Attack,0.99999988,-102,1,169
506,1,Attack,1,Attack,0.9717049,-119,1,170
507,1,Attack,1,Attack,1.0,118,1,168
508,1,Attack,1,Attack,0.99652326,-116,1,170
509,0,Normal,1,Attack,0.89300579,-121,0,168
510,0,Normal,1,Attack,0.80448192,-122,0,170
511,1,Attack,1,Attack,0.99652326,-116,1,169
512,0,Normal,0,Normal,0.05577227,-128,1,178
513,0,Normal,0,Normal,0.10699424,-127,1,168
514,0,Normal,1,Attack,0.80448192,-122,0,171
515,0,Normal,0,Normal,0.10699424,-127,1,168
516,1,Attack,1,Attack,1.0,-90,1,171
517,1,Attack,1,Attack,0.9717049,-119,1,169
518,1,Attack,1,Attack,0.5,-124,1,171
519,1,Attack,1,Attack,0.99828303,-115,1,168
520,1,Attack,1,Attack,0.89300579,-121,1,169
521,0,Normal,1,Attack,0.80448192,-122,0,169
522,0,Normal,1,Attack,0.80448192,-122,0,169
523,1,Attack,1,Attack,0.99915278,-114,1,169
524,1,Attack,1,Attack,0.89300579,-121,1,169
525,1,Attack,1,Attack,0.89300579,-121,1,177
526,0,Normal,1,Attack,0.80448192,-122,0,169
527,0,Normal,1,Attack,0.66979825,-123,0,168
528,1,Attack,1,Attack,1.0,-88,1,171
529,1,Attack,1,Attack,0.99828303,-115,1,169
530,0,Normal,0,Normal,0.19551814,-126,1,171
531,1,Attack,0,Normal,0.33020177,-125,0,168
532,0,Normal,0,Normal,0.19551814,-126,1,171
533,0,Normal,0,Normal,0.33020177,-125,1,176
534,1,Attack,1,Attack,1.0,-72,1,170
535,1,Attack,1,Attack,0.66979825,-123,1,168
536,0,Normal,0,Normal,0.33020177,-125,1,178
537,0,Normal,0,Normal,0.10699424,-127,1,168
538,1,Attack,0,Normal,0.10699424,-127,0,171
539,0,Normal,1,Attack,0.80448192,-122,0,168
540,0,Normal,0,Normal,0.10699424,-127,1,171
541,0,Normal,0,Normal,0.33020177,-125,1,176
542,0,Normal,0,Normal,0.10699424,-127,1,170
543,1,Attack,1,Attack,0.99999988,-101,1,176
544,1,Attack,1,Attack,0.99652326,-116,1,170
545,1,Attack,1,Attack,0.99999928,-104,1,168
546,1,Attack,1,Attack,0.89300579,-121,1,170
547,0,Normal,0,Normal,0.10699424,-127,1,168
548,1,Attack,0,Normal,0.19551814,-126,0,171
549,0,Normal,0,Normal,0.19551814,-126,1,169
550,1,Attack,1,Attack,0.99915278,-114,1,170
551,1,Attack,1,Attack,1.0,-95,1,168
552,1,Attack,1,Attack,0.99999988,-102,1,170
553,1,Attack,1,Attack,0.89300579,-121,1,168
554,1,Attack,1,Attack,1.0,-81,1,170
555,1,Attack,1,Attack,0.99828303,-115,1,176
556,1,Attack,1,Attack,0.99979395,-112,1,171
557,0,Normal,0,Normal,0.10699424,-127,1,168
558,0,Normal,1,Attack,0.98584783,-118,0,170
559,1,Attack,1,Attack,0.99999964,-103,1,169
560,0,Normal,0,Normal,0.10699424,-127,1,171
561,0,Normal,1,Attack,0.66979825,-123,0,168
562,1,Attack,1,Attack,0.99297273,-117,1,171
563,1,Attack,0,Normal,0.19551814,-126,0,168
564,1,Attack,1,Attack,1.0,-100,1,171
565,1,Attack,1,Attack,0.99915278,-114,1,168
566,1,Attack,1,Attack,0.80448192,-122,1,170
567,1,Attack,1,Attack,0.99297273,-117,1,169
568,1,Attack,1,Attack,0.89300579,-121,1,170
569,1,Attack,1,Attack,1.0,-91,1,169
570,0,Normal,1,Attack,0.94422776,-120,0,169
571,1,Attack,1,Attack,0.99297273,-117,1,177
572,1,Attack,1,Attack,0.99828303,-115,1,169
573,0,Normal,0,Normal,0.10699424,-127,1,170
574,1,Attack,1,Attack,1.0,-88,1,170
575,0,Normal,0,Normal,0.10699424,-127,1,169
576,1,Attack,0,Normal,0.33020177,-125,0,169
577,1,Attack,1,Attack,1.0,-83,1,177
578,1,Attack,1,Attack,0.99989843,-111,1,170
579,0,Normal,1,Attack,0.89300579,-121,0,170
580,1,Attack,1,Attack,0.99915278,-114,1,170
581,1,Attack,1,Attack,0.99999928,-104,1,169
582,0,Normal,1,Attack,0.5,-124,0,170
583,1,Attack,1,Attack,0.99828303,-115,1,175
584,0,Normal,1,Attack,0.89300579,-121,0,171
585,1,Attack,1,Attack,0.99652326,-116,1,168
586,1,Attack,1,Attack,0.80448192,-122,1,170
587,1,Attack,1,Attack,0.80448192,-122,1,168
588,0,Normal,1,Attack,0.66979825,-123,0,178
589,0,Normal,0,Normal,0.10699424,-127,1,168
590,0,Normal,1,Attack,0.5,-124,0,171
591,0,Normal,0,Normal,0.33020177,-125,1,169
592,1,Attack,1,Attack,1.0,-87,1,178
593,0,Normal,0,Normal,0.10699424,-127,1,168
594,1,Attack,0,Normal,0.10699424,-127,0,170
595,0,Normal,0,Normal,0.10699424,-127,1,168
596,1,Attack,1,Attack,1.0,-60,1,170
597,0,Normal,1,Attack,0.94422776,-120,0,168
598,1,Attack,1,Attack,0.99999988,-101,1,170
599,1,Attack,1,Attack,0.99652326,-116,1,168
600,1,Attack,1,Attack,0.99915278,-114,1,171
601,0,Normal,0,Normal,0.19551814,-126,1,176
602,1,Attack,1,Attack,0.66979825,-123,1,171
603,1,Attack,1,Attack,0.99998784,-108,1,176
604,1,Attack,1,Attack,0.89300579,-121,1,170
605,0,Normal,0,Normal,0.10699424,-127,1,168
606,0,Normal,1,Attack,0.80448192,-122,0,178
607,1,Attack,1,Attack,0.99997532,-109,1,177
608,0,Normal,1,Attack,0.98584783,-118,0,170
609,1,Attack,1,Attack,0.99999702,-106,1,169
610,1,Attack,1,Attack,0.94422776,-120,1,170
611,1,Attack,1,Attack,0.98584783,-118,1,168
612,0,Normal,0,Normal,0.05577227,-128,1,179
613,0,Normal,0,Normal,0.33020177,-125,1,168
614,0,Normal,0,Normal,0.10699424,-127,1,171
615,0,Normal,1,Attack,0.80448192,-122,0,169
616,0,Normal,1,Attack,0.80448192,-122,0,170
617,0,Normal,0,Normal,0.19551814,-126,1,169
618,0,Normal,0,Normal,0.10699424,-127,1,170
619,0,Normal,0,Normal,0.10699424,-127,1,168
620,0,Normal,0,Normal,0.19551814,-126,1,170
621,0,Normal,0,Normal,0.19551814,-126,1,176
622,1,Attack,1,Attack,0.99915278,-114,1,170
623,1,Attack,1,Attack,1.0,-99,1,176
624,0,Normal,1,Attack,0.89300579,-121,0,171
625,1,Attack,1,Attack,1.0,-93,1,176
626,1,Attack,1,Attack,0.98584783,-118,1,170
627,1,Attack,1,Attack,0.80448192,-122,1,168
628,1,Attack,1,Attack,1.0,-98,1,179
629,1,Attack,1,Attack,0.94422776,-120,1,168
630,0,Normal,0,Normal,0.19551814,-126,1,170
631,0,Normal,0,Normal,0.10699424,-127,1,168
632,0,Normal,0,Normal,0.19551814,-126,1,171
633,0,Normal,0,Normal,0.19551814,-126,1,168
634,1,Attack,1,Attack,0.99958211,-113,1,170
635,1,Attack,1,Attack,0.80448192,-122,1,169
636,1,Attack,1,Attack,0.80448192,-122,1,170
637,0,Normal,0,Normal,0.19551814,-126,1,176
638,0,Normal,1,Attack,0.5,-124,0,170
639,1,Attack,1,Attack,1.0,-98,1,169
640,1,Attack,1,Attack,1.0,-100,1,178
641,1,Attack,1,Attack,0.99999964,-103,1,168
642,0,Normal,1,Attack,0.5,-124,0,169
643,0,Normal,1,Attack,0.66979825,-123,0,170
644,1,Attack,1,Attack,1.0,-95,1,170
645,1,Attack,0,Normal,0.19551814,-126,0,169
646,1,Attack,1,Attack,1.0,-83,1,169
647,0,Normal,1,Attack,0.66979825,-123,0,170
648,0,Normal,1,Attack,0.89300579,-121,0,169
649,1,Attack,1,Attack,0.89300579,-121,1,177
650,0,Normal,0,Normal,0.10699424,-127,1,169
651,0,Normal,0,Normal,0.10699424,-127,1,169
652,0,Normal,0,Normal,0.10699424,-127,1,169
653,1,Attack,1,Attack,0.99828303,-115,1,170
654,1,Attack,1,Attack,0.99999702,-106,1,177
655,1,Attack,1,Attack,1.0,-88,1,169
656,1,Attack,1,Attack,1.0,-87,1,170
657,0,Normal,1,Attack,0.89300579,-121,0,170
658,0,Normal,0,Normal,0.10699424,-127,1,169
659,0,Normal,0,Normal,0.33020177,-125,1,170
660,1,Attack,0,Normal,0.10699424,-127,0,177
661,1,Attack,1,Attack,0.66979825,-123,1,169
662,0,Normal,0,Normal,0.19551814,-126,1,170
663,1,Attack,1,Attack,0.80448192,-122,1,169
664,0,Normal,0,Normal,0.10699424,-127,1,169
665,0,Normal,0,Normal,0.10699424,-127,1,177
666,0,Normal,1,Attack,0.80448192,-122,0,170
667,1,Attack,1,Attack,1.0,-96,1,169
668,0,Normal,0,Normal,0.10699424,-127,1,169
669,0,Normal,0,Normal,0.10699424,-127,1,169
670,1,Attack,0,Normal,0.19551814,-126,0,176
671,1,Attack,1,Attack,0.94422776,-120,1,170
672,1,Attack,1,Attack,0.9717049,-119,1,177
673,0,Normal,0,Normal,0.19551814,-126,1,170
674,0,Normal,1,Attack,0.80448192,-122,0,169
675,0,Normal,0,Normal,0.10699424,-127,1,176
676,1,Attack,1,Attack,0.80448192,-122,1,171
677,0,Normal,0,Normal,0.05577227,-128,1,176
678,1,Attack,1,Attack,0.89300579,-121,1,170
679,0,Normal,1,Attack,0.66979825,-123,0,176
680,0,Normal,0,Normal,0.19551814,-126,1,171
681,1,Attack,1,Attack,0.99915278,-114,1,175
682,0,Normal,1,Attack,0.89300579,-121,0,170
683,0,Normal,0,Normal,0.10699424,-127,1,168
684,0,Normal,0,Normal,0.19551814,-126,1,171
685,0,Normal,0,Normal,0.10699424,-127,1,168
686,0,Normal,0,Normal,0.10699424,-127,1,171
687,0,Normal,1,Attack,0.66979825,-123,0,176
688,0,Normal,1,Attack,0.89300579,-121,0,170
689,1,Attack,1,Attack,0.80448192,-122,1,176
690,1,Attack,1,Attack,0.66979825,-123,1,170
691,1,Attack,1,Attack,0.94422776,-120,1,168
692,1,Attack,1,Attack,0.89300579,-121,1,171
693,1,Attack,0,Normal,0.33020177,-125,0,168
694,1,Attack,1,Attack,0.99979395,-112,1,171
695,0,Normal,1,Attack,0.89300579,-121,0,168
696,0,Normal,1,Attack,0.89300579,-121,0,171
697,0,Normal,0,Normal,0.10699424,-127,1,176
698,1,Attack,1,Attack,0.99297273,-117,1,171
699,0,Normal,1,Attack,0.5,-124,0,168
700,0,Normal,0,Normal,0.19551814,-126,1,178
701,1,Attack,1,Attack,0.80448192,-122,1,168
702,1,Attack,1,Attack,0.80448192,-122,1,170
703,1,Attack,1,Attack,0.80448192,-122,1,175
704,0,Normal,0,Normal,0.10699424,-127,1,171
705,0,Normal,0,Normal,0.05577227,-128,1,168
706,0,Normal,1,Attack,0.5,-124,0,170
707,1,Attack,1,Attack,0.99828303,-115,1,175
708,0,Normal,0,Normal,0.10699424,-127,1,171
709,0,Normal,0,Normal,0.19551814,-126,1,176
710,1,Attack,1,Attack,0.99297273,-117,1,171
711,1,Attack,1,Attack,1.0,-96,1,169
712,0,Normal,1,Attack,0.80448192,-122,0,171
713,0,Normal,1,Attack,0.89300579,-121,0,168
714,1,Attack,1,Attack,1.0,-98,1,179
715,1,Attack,1,Attack,0.80448192,-122,1,168
716,0,Normal,0,Normal,0.19551814,-126,1,178
717,0,Normal,0,Normal,0.19551814,-126,1,168
718,1,Attack,1,Attack,0.99828303,-115,1,171
719,1,Attack,1,Attack,0.89300579,-121,1,176
720,0,Normal,0,Normal,0.10699424,-127,1,178
721,1,Attack,1,Attack,0.89300579,-121,1,168
722,0,Normal,0,Normal,0.10699424,-127,1,170
723,1,Attack,1,Attack,0.89300579,-121,1,168
724,0,Normal,0,Normal,0.10699424,-127,1,169
725,1,Attack,1,Attack,0.99828303,-115,1,169
726,0,Normal,0,Normal,0.10699424,-127,1,170
727,0,Normal,0,Normal,0.10699424,-127,1,170
728,1,Attack,1,Attack,0.80448192,-122,1,170
729,0,Normal,0,Normal,0.10699424,-127,1,169
730,1,Attack,1,Attack,0.99999928,-104,1,169
731,0,Normal,0,Normal,0.33020177,-125,1,177
732,1,Attack,1,Attack,1.0,124,1,169
733,0,Normal,1,Attack,0.89300579,-121,0,169
734,1,Attack,1,Attack,0.99999988,-102,1,178
735,1,Attack,1,Attack,0.99915278,-114,1,169
736,0,Normal,0,Normal,0.10699424,-127,1,169
737,1,Attack,1,Attack,0.9717049,-119,1,169
738,0,Normal,0,Normal,0.19551814,-126,1,169
739,0,Normal,1,Attack,0.98584783,-118,0,170
740,0,Normal,1,Attack,0.80448192,-122,0,169
741,0,Normal,1,Attack,0.89300579,-121,0,170
742,0,Normal,1,Attack,0.99828303,-115,0,169
743,1,Attack,1,Attack,0.80448192,-122,1,170
744,0,Normal,0,Normal,0.10699424,-127,1,169
745,1,Attack,1,Attack,0.99652326,-116,1,170
746,1,Attack,1,Attack,0.89300579,-121,1,169
747,1,Attack,1,Attack,0.89300579,-121,1,169
748,0,Normal,1,Attack,0.66979825,-123,0,177
749,0,Normal,1,Attack,0.5,-124,0,169
750,0,Normal,0,Normal,0.19551814,-126,1,169
751,1,Attack,1,Attack,1.0,-75,1,169
752,1,Attack,1,Attack,0.89300579,-121,1,170
753,0,Normal,1,Attack,0.80448192,-122,0,169
754,0,Normal,0,Normal,0.19551814,-126,1,176
755,0,Normal,1,Attack,0.66979825,-123,0,170
756,0,Normal,0,Normal,0.33020177,-125,1,170
757,1,Attack,1,Attack,0.99297273,-117,1,170
758,1,Attack,1,Attack,0.99297273,-117,1,169
759,1,Attack,1,Attack,1.0,-98,1,177
760,0,Normal,1,Attack,0.80448192,-122,0,170
761,1,Attack,1,Attack,0.99652326,-116,1,170
762,0,Normal,1,Attack,0.80448192,-122,0,170
763,0,Normal,0,Normal,0.19551814,-126,1,169
764,1,Attack,1,Attack,1.0,-79,1,169
765,1,Attack,1,Attack,0.66979825,-123,1,169
766,1,Attack,1,Attack,1.0,-79,1,169
767,1,Attack,1,Attack,0.89300579,-121,1,170
768,1,Attack,0,Normal,0.33020177,-125,0,169
769,0,Normal,1,Attack,0.80448192,-122,0,169
770,1,Attack,1,Attack,0.94422776,-120,1,170
771,0,Normal,1,Attack,0.80448192,-122,0,170
772,0,Normal,0,Normal,0.10699424,-127,1,169
773,0,Normal,0,Normal,0.10699424,-127,1,177
774,1,Attack,0,Normal,0.10699424,-127,0,169
775,0,Normal,0,Normal,0.19551814,-126,1,169
776,0,Normal,0,Normal,0.19551814,-126,1,169
777,0,Normal,0,Normal,0.10699424,-127,1,169
778,0,Normal,1,Attack,0.5,-124,0,169
779,0,Normal,0,Normal,0.33020177,-125,1,170
780,0,Normal,1,Attack,0.89300579,-121,0,169
781,1,Attack,1,Attack,0.99999404,-107,1,170
782,0,Normal,0,Normal,0.10699424,-127,1,169
783,1,Attack,1,Attack,0.89300579,-121,1,169
784,0,Normal,1,Attack,0.80448192,-122,0,170
785,1,Attack,1,Attack,0.99652326,-116,1,169
786,0,Normal,0,Normal,0.10699424,-127,1,169
787,1,Attack,1,Attack,0.99999988,-101,1,170
788,1,Attack,1,Attack,0.99999988,-102,1,169
789,0,Normal,0,Normal,0.10699424,-127,1,176
790,1,Attack,0,Normal,0.33020177,-125,0,177
791,0,Normal,0,Normal,0.10699424,-127,1,169
792,1,Attack,1,Attack,0.89300579,-121,1,169
793,1,Attack,1,Attack,0.89300579,-121,1,169
794,1,Attack,1,Attack,0.99998784,-108,1,178
795,0,Normal,0,Normal,0.10699424,-127,1,178
796,0,Normal,0,Normal,0.10699424,-127,1,169
797,0,Normal,0,Normal,0.10699424,-127,1,170
798,1,Attack,1,Attack,0.89300579,-121,1,177
799,0,Normal,0,Normal,0.33020177,-125,1,176
800,0,Normal,1,Attack,0.94422776,-120,0,170
801,1,Attack,1,Attack,1.0,-86,1,170
802,0,Normal,1,Attack,0.89300579,-121,0,169
803,1,Attack,1,Attack,1.0,-82,1,169
804,0,Normal,0,Normal,0.19551814,-126,1,169
805,1,Attack,1,Attack,1.0,-94,1,169
806,0,Normal,1,Attack,0.89300579,-121,0,177
807,1,Attack,1,Attack,0.98584783,-118,1,169
808,0,Normal,1,Attack,0.66979825,-123,0,169
809,1,Attack,1,Attack,0.89300579,-121,1,169
810,0,Normal,0,Normal,0.19551814,-126,1,177
811,1,Attack,1,Attack,0.9717049,-119,1,169
812,1,Attack,1,Attack,0.98584783,-118,1,170
813,1,Attack,1,Attack,1.0,-100,1,169
814,0,Normal,0,Normal,0.33020177,-125,1,169
815,1,Attack,1,Attack,0.99828303,-115,1,170
816,0,Normal,0,Normal,0.10699424,-127,1,169
817,1,Attack,1,Attack,0.89300579,-121,1,169
818,0,Normal,1,Attack,0.80448192,-122,0,169
819,0,Normal,0,Normal,0.10699424,-127,1,177
820,0,Normal,1,Attack,0.89300579,-121,0,169
821,0,Normal,0,Normal,0.10699424,-127,1,169
822,1,Attack,1,Attack,0.80448192,-122,1,170
823,0,Normal,1,Attack,0.89300579,-121,0,170
824,1,Attack,1,Attack,0.89300579,-121,1,170
825,0,Normal,1,Attack,0.94422776,-120,0,169
826,0,Normal,0,Normal,0.19551814,-126,1,170
827,1,Attack,1,Attack,0.9717049,-119,1,169
828,0,Normal,1,Attack,0.80448192,-122,0,169
829,1,Attack,1,Attack,0.80448192,-122,1,169
830,1,Attack,1,Attack,0.99652326,-116,1,169
831,0,Normal,0,Normal,0.10699424,-127,1,170
832,0,Normal,1,Attack,0.9717049,-119,0,169
833,1,Attack,1,Attack,0.89300579,-121,1,177
834,0,Normal,1,Attack,0.94422776,-120,0,170
835,1,Attack,1,Attack,0.5,-124,1,169
836,1,Attack,1,Attack,0.89300579,-121,1,169
837,0,Normal,1,Attack,0.66979825,-123,0,170
838,0,Normal,0,Normal,0.10699424,-127,1,169
839,0,Normal,0,Normal,0.10699424,-127,1,170
840,0,Normal,1,Attack,0.66979825,-123,0,177
841,0,Normal,0,Normal,0.10699424,-127,1,169
842,0,Normal,1,Attack,0.80448192,-122,0,170
843,1,Attack,0,Normal,0.19551814,-126,0,176
844,1,Attack,1,Attack,0.99828303,-115,1,170
845,1,Attack,1,Attack,0.94422776,-120,1,170
846,0,Normal,1,Attack,0.80448192,-122,0,170
847,1,Attack,1,Attack,0.66979825,-123,1,170
848,0,Normal,0,Normal,0.10699424,-127,1,169
849,0,Normal,1,Attack,0.80448192,-122,0,169
850,0,Normal,0,Normal,0.10699424,-127,1,169
851,1,Attack,1,Attack,0.9717049,-119,1,169
852,1,Attack,0,Normal,0.10699424,-127,0,170
853,1,Attack,1,Attack,0.89300579,-121,1,170
854,0,Normal,1,Attack,0.89300579,-121,0,177
855,1,Attack,0,Normal,0.33020177,-125,0,169
856,0,Normal,0,Normal,0.10699424,-127,1,169
857,0,Normal,0,Normal,0.10699424,-127,1,170
858,1,Attack,1,Attack,0.99999702,-106,1,177
859,1,Attack,1,Attack,0.5,-124,1,178
860,1,Attack,1,Attack,1.0,127,1,169
861,1,Attack,1,Attack,0.94422776,-120,1,169
862,1,Attack,1,Attack,0.80448192,-122,1,177
863,1,Attack,1,Attack,1.0,-70,1,169
864,1,Attack,1,Attack,1.0,-73,1,177
865,1,Attack,1,Attack,0.99999964,-103,1,170
866,0,Normal,0,Normal,0.19551814,-126,1,170
867,1,Attack,1,Attack,0.9717049,-119,1,177
868,0,Normal,0,Normal,0.10699424,-127,1,169
869,0,Normal,1,Attack,0.5,-124,0,170
870,1,Attack,0,Normal,0.05577227,-128,0,170
871,0,Normal,0,Normal,0.33020177,-125,1,170
872,0,Normal,0,Normal,0.19551814,-126,1,169
873,1,Attack,1,Attack,0.94422776,-120,1,169
874,1,Attack,1,Attack,0.99997532,-109,1,170
875,0,Normal,1,Attack,0.80448192,-122,0,169
876,0,Normal,0,Normal,0.10699424,-127,1,177
877,1,Attack,1,Attack,0.99297273,-117,1,169
878,1,Attack,1,Attack,0.66979825,-123,1,177
879,0,Normal,1,Attack,0.89300579,-121,0,170
880,0,Normal,0,Normal,0.33020177,-125,1,177
881,1,Attack,1,Attack,1.0,127,1,169
882,0,Normal,0,Normal,0.19551814,-126,1,169
883,1,Attack,1,Attack,0.99999404,-107,1,170
884,1,Attack,1,Attack,0.94422776,-120,1,169
885,0,Normal,0,Normal,0.33020177,-125,1,176
886,0,Normal,1,Attack,0.9717049,-119,0,169
887,1,Attack,1,Attack,1.0,127,1,169
888,0,Normal,0,Normal,0.10699424,-127,1,169
889,0,Normal,1,Attack,0.5,-124,0,169
890,1,Attack,1,Attack,0.99652326,-116,1,170
891,1,Attack,1,Attack,0.94422776,-120,1,170
892,0,Normal,0,Normal,0.10699424,-127,1,169
893,0,Normal,0,Normal,0.19551814,-126,1,169
894,0,Normal,1,Attack,0.98584783,-118,0,169
895,1,Attack,0,Normal,0.33020177,-125,0,178
896,1,Attack,1,Attack,0.66979825,-123,1,177
897,0,Normal,0,Normal,0.19551814,-126,1,177
898,1,Attack,1,Attack,0.99652326,-116,1,169
899,0,Normal,0,Normal,0.10699424,-127,1,169
900,1,Attack,1,Attack,0.99997532,-109,1,169
901,0,Normal,0,Normal,0.10699424,-127,1,178
902,0,Normal,1,Attack,0.80448192,-122,0,169
903,0,Normal,1,Attack,0.5,-124,0,177
904,1,Attack,1,Attack,1.0,-97,1,169
905,1,Attack,1,Attack,0.99999964,-103,1,169
906,0,Normal,0,Normal,0.19551814,-126,1,170
907,1,Attack,1,Attack,1.0,-64,1,177
908,0,Normal,0,Normal,0.19551814,-126,1,169
909,0,Normal,0,Normal,0.10699424,-127,1,177
910,1,Attack,1,Attack,0.99958211,-113,1,170
911,1,Attack,1,Attack,0.98584783,-118,1,169
912,1,Attack,1,Attack,0.94422776,-120,1,178
913,0,Normal,1,Attack,0.5,-124,0,170
914,1,Attack,1,Attack,0.80448192,-122,1,169
915,1,Attack,1,Attack,0.99652326,-116,1,177
916,1,Attack,1,Attack,1.0,127,1,169
917,0,Normal,0,Normal,0.10699424,-127,1,176
918,0,Normal,1,Attack,0.80448192,-122,0,169
919,0,Normal,0,Normal,0.10699424,-127,1,170
920,0,Normal,0,Normal,0.10699424,-127,1,169
921,0,Normal,1,Attack,0.80448192,-122,0,170
922,0,Normal,0,Normal,0.10699424,-127,1,169
923,1,Attack,1,Attack,0.99652326,-116,1,170
924,0,Normal,0,Normal,0.33020177,-125,1,178
925,1,Attack,1,Attack,0.9717049,-119,1,169
926,0,Normal,0,Normal,0.19551814,-126,1,169
927,0,Normal,1,Attack,0.89300579,-121,0,169
928,1,Attack,1,Attack,0.99999857,-105,1,170
929,0,Normal,0,Normal,0.19551814,-126,1,177
930,0,Normal,0,Normal,0.19551814,-126,1,170
931,1,Attack,1,Attack,1.0,-100,1,177
932,0,Normal,0,Normal,0.10699424,-127,1,169
933,0,Normal,0,Normal,0.10699424,-127,1,170
934,0,Normal,0,Normal,0.05577227,-128,1,169
935,0,Normal,1,Attack,0.66979825,-123,0,169
936,0,Normal,0,Normal,0.10699424,-127,1,169
937,0,Normal,0,Normal,0.05577227,-128,1,177
938,1,Attack,1,Attack,0.66979825,-123,1,169
939,1,Attack,1,Attack,0.80448192,-122,1,177
940,1,Attack,1,Attack,0.5,-124,1,169
941,0,Normal,0,Normal,0.10699424,-127,1,170
942,0,Normal,1,Attack,0.94422776,-120,0,178
943,1,Attack,1,Attack,0.89300579,-121,1,170
944,1,Attack,1,Attack,0.99999988,-101,1,169
945,0,Normal,0,Normal,0.10699424,-127,1,169
946,0,Normal,0,Normal,0.33020177,-125,1,169
947,0,Normal,1,Attack,0.80448192,-122,0,177
948,0,Normal,0,Normal,0.10699424,-127,1,177
949,1,Attack,1,Attack,0.99915278,-114,1,169
950,0,Normal,0,Normal,0.10699424,-127,1,177
951,1,Attack,1,Attack,0.80448192,-122,1,170
952,1,Attack,1,Attack,1.0,126,1,169
953,1,Attack,1,Attack,1.0,127,1,169
954,0,Normal,1,Attack,0.89300579,-121,0,169
955,0,Normal,0,Normal,0.10699424,-127,1,168
956,0,Normal,0,Normal,0.19551814,-126,1,170
957,0,Normal,0,Normal,0.10699424,-127,1,168
958,1,Attack,1,Attack,0.99999928,-104,1,170
959,1,Attack,1,Attack,1.0,-99,1,169
960,1,Attack,1,Attack,0.99998784,-108,1,178
961,1,Attack,1,Attack,0.99297273,-117,1,168
962,1,Attack,1,Attack,0.89300579,-121,1,170
963,0,Normal,0,Normal,0.19551814,-126,1,168
964,1,Attack,1,Attack,0.99828303,-115,1,171
965,0,Normal,0,Normal,0.10699424,-127,1,168
966,0,Normal,0,Normal,0.05577227,-128,1,170
967,1,Attack,1,Attack,0.94422776,-120,1,176
968,0,Normal,1,Attack,0.89300579,-121,0,170
969,1,Attack,0,Normal,0.19551814,-126,0,177
970,0,Normal,0,Normal,0.19551814,-126,1,171
971,1,Attack,1,Attack,0.94422776,-120,1,168
972,0,Normal,1,Attack,0.80448192,-122,0,178
973,1,Attack,0,Normal,0.10699424,-127,0,168
974,1,Attack,1,Attack,1.0,-99,1,170
975,0,Normal,0,Normal,0.33020177,-125,1,168
976,1,Attack,1,Attack,0.99999404,-107,1,171
977,1,Attack,1,Attack,0.89300579,-121,1,168
978,1,Attack,1,Attack,0.89300579,-121,1,170
979,0,Normal,0,Normal,0.10699424,-127,1,168
980,1,Attack,1,Attack,0.80448192,-122,1,179
981,0,Normal,0,Normal,0.19551814,-126,1,168
982,1,Attack,1,Attack,1.0,-95,1,171
983,1,Attack,1,Attack,0.9717049,-119,1,168
984,1,Attack,1,Attack,0.99999857,-105,1,170
985,0,Normal,0,Normal,0.10699424,-127,1,169
986,1,Attack,1,Attack,0.99989843,-111,1,171
987,1,Attack,0,Normal,0.33020177,-125,0,168
988,1,Attack,0,Normal,0.10699424,-127,0,171
989,0,Normal,1,Attack,0.89300579,-121,0,168
990,1,Attack,1,Attack,0.99998784,-108,1,179
991,0,Normal,0,Normal,0.10699424,-127,1,168
992,1,Attack,1,Attack,0.98584783,-118,1,171
993,1,Attack,1,Attack,0.99999702,-106,1,168
994,1,Attack,1,Attack,1.0,-82,1,170
995,1,Attack,1,Attack,0.99652326,-116,1,169
996,1,Attack,1,Attack,1.0,-72,1,171
997,0,Normal,0,Normal,0.19551814,-126,1,176
998,0,Normal,0,Normal,0.19551814,-126,1,171
999,0,Normal,1,Attack,0.80448192,-122,0,176
1000,1,Attack,1,Attack,0.80448192,-122,1,170
1001,0,Normal,1,Attack,0.80448192,-122,0,168
1002,1,Attack,1,Attack,0.98584783,-118,1,171
1003,0,Normal,1,Attack,0.89300579,-121,0,169
1004,0,Normal,1,Attack,0.80448192,-122,0,170
1005,0,Normal,0,Normal,0.10699424,-127,1,176
1006,1,Attack,1,Attack,1.0,-94,1,170
1007,0,Normal,0,Normal,0.33020177,-125,1,168
1008,1,Attack,1,Attack,0.98584783,-118,1,171
1009,0,Normal,0,Normal,0.19551814,-126,1,168
1010,0,Normal,0,Normal,0.19551814,-126,1,178
1011,1,Attack,1,Attack,0.99979395,-112,1,168
1012,0,Normal,0,Normal,0.10699424,-127,1,170
1013,1,Attack,1,Attack,0.66979825,-123,1,168
1014,1,Attack,1,Attack,0.89300579,-121,1,170
1015,1,Attack,1,Attack,0.99999857,-105,1,168
1016,0,Normal,1,Attack,0.66979825,-123,0,178
1017,1,Attack,1,Attack,0.99915278,-114,1,169
1018,0,Normal,0,Normal,0.19551814,-126,1,177
1019,0,Normal,0,Normal,0.10699424,-127,1,177
1020,0,Normal,0,Normal,0.19551814,-126,1,170
1021,1,Attack,1,Attack,1.0,-97,1,170
1022,1,Attack,1,Attack,0.99989843,-111,1,170
1023,1,Attack,1,Attack,1.0,-70,1,169
1024,1,Attack,1,Attack,0.89300579,-121,1,178
1025,1,Attack,1,Attack,0.99999988,-102,1,169
1026,0,Normal,0,Normal,0.10699424,-127,1,177
1027,0,Normal,1,Attack,0.94422776,-120,0,169
1028,1,Attack,1,Attack,0.99999702,-106,1,177
1029,1,Attack,1,Attack,1.0,-67,1,169
1030,0,Normal,0,Normal,0.19551814,-126,1,169
1031,0,Normal,0,Normal,0.10699424,-127,1,177
1032,0,Normal,1,Attack,0.66979825,-123,0,169
1033,1,Attack,1,Attack,0.99915278,-114,1,177
1034,0,Normal,0,Normal,0.10699424,-127,1,170
1035,0,Normal,0,Normal,0.19551814,-126,1,169
1036,1,Attack,1,Attack,0.89300579,-121,1,169
1037,1,Attack,1,Attack,0.99999702,-106,1,169
1038,1,Attack,1,Attack,1.0,116,1,169
1039,1,Attack,1,Attack,0.94422776,-120,1,169
1040,1,Attack,1,Attack,0.66979825,-123,1,177
1041,1,Attack,1,Attack,0.80448192,-122,1,170
1042,1,Attack,1,Attack,0.99999964,-103,1,170
1043,0,Normal,0,Normal,0.10699424,-127,1,169
1044,1,Attack,1,Attack,0.99999857,-105,1,169
1045,1,Attack,1,Attack,0.99297273,-117,1,170
1046,0,Normal,1,Attack,0.89300579,-121,0,177
1047,0,Normal,0,Normal,0.19551814,-126,1,169
1048,0,Normal,1,Attack,0.94422776,-120,0,169
1049,1,Attack,1,Attack,0.99999988,-101,1,178
1050,0,Normal,0,Normal,0.19551814,-126,1,169
1051,0,Normal,0,Normal,0.19551814,-126,1,169
1052,0,Normal,1,Attack,0.89300579,-121,0,169
1053,0,Normal,0,Normal,0.19551814,-126,1,169
1054,0,Normal,0,Normal,0.10699424,-127,1,177
1055,0,Normal,1,Attack,0.80448192,-122,0,170
1056,1,Attack,1,Attack,0.99828303,-115,1,169
1057,0,Normal,0,Normal,0.05577227,-128,1,169
1058,0,Normal,1,Attack,0.5,-124,0,177
1059,1,Attack,1,Attack,0.89300579,-121,1,170
1060,0,Normal,0,Normal,0.19551814,-126,1,170
1061,0,Normal,0,Normal,0.10699424,-127,1,170
1062,1,Attack,0,Normal,0.19551814,-126,0,169
1063,0,Normal,0,Normal,0.33020177,-125,1,170
1064,1,Attack,1,Attack,0.98584783,-118,1,169
1065,0,Normal,0,Normal,0.19551814,-126,1,170
1066,1,Attack,1,Attack,1.0,-95,1,169
1067,0,Normal,0,Normal,0.19551814,-126,1,170
1068,1,Attack,1,Attack,0.98584783,-118,1,176
1069,1,Attack,1,Attack,0.99999404,-107,1,169
1070,1,Attack,1,Attack,0.99828303,-115,1,170
1071,0,Normal,0,Normal,0.10699424,-127,1,169
1072,0,Normal,0,Normal,0.33020177,-125,1,169
1073,0,Normal,0,Normal,0.10699424,-127,1,169
1074,1,Attack,1,Attack,1.0,117,1,169
1075,1,Attack,1,Attack,1.0,127,1,170
1076,0,Normal,0,Normal,0.10699424,-127,1,169
1077,0,Normal,1,Attack,0.89300579,-121,0,170
1078,1,Attack,0,Normal,0.33020177,-125,0,169
1079,1,Attack,1,Attack,0.99828303,-115,1,177
1080,1,Attack,0,Normal,0.19551814,-126,0,169
1081,1,Attack,1,Attack,0.89300579,-121,1,169
1082,1,Attack,1,Attack,0.99652326,-116,1,169
1083,0,Normal,0,Normal,0.10699424,-127,1,169
1084,1,Attack,1,Attack,0.9717049,-119,1,169
1085,1,Attack,1,Attack,0.5,-124,1,169
1086,0,Normal,0,Normal,0.19551814,-126,1,177
1087,0,Normal,0,Normal,0.05577227,-128,1,170
1088,0,Normal,0,Normal,0.10699424,-127,1,169
1089,0,Normal,0,Normal,0.19551814,-126,1,169
1090,0,Normal,0,Normal,0.10699424,-127,1,178
1091,0,Normal,0,Normal,0.19551814,-126,1,169
1092,1,Attack,1,Attack,0.99999702,-106,1,170
1093,1,Attack,1,Attack,0.94422776,-120,1,170
1094,1,Attack,1,Attack,0.99989843,-111,1,178
1095,1,Attack,1,Attack,0.99999702,-106,1,169
1096,0,Normal,0,Normal,0.10699424,-127,1,170
1097,0,Normal,1,Attack,0.5,-124,0,169
1098,1,Attack,1,Attack,1.0,-89,1,169
1099,1,Attack,0,Normal,0.05577227,-128,0,169
1100,1,Attack,0,Normal,0.33020177,-125,0,169
1101,0,Normal,0,Normal,0.33020177,-125,1,170
1102,1,Attack,1,Attack,1.0,-90,1,170
1103,0,Normal,1,Attack,0.89300579,-121,0,169
1104,1,Attack,1,Attack,0.94422776,-120,1,169
1105,0,Normal,0,Normal,0.33020177,-125,1,177
1106,1,Attack,1,Attack,0.89300579,-121,1,170
1107,1,Attack,1,Attack,1.0,-75,1,169
1108,1,Attack,1,Attack,0.99652326,-116,1,169
1109,1,Attack,1,Attack,0.99999702,-106,1,169
1110,1,Attack,1,Attack,1.0,-98,1,170
1111,1,Attack,1,Attack,0.94422776,-120,1,169
1112,1,Attack,1,Attack,0.89300579,-121,1,169
1113,1,Attack,1,Attack,1.0,-100,1,170
1114,0,Normal,0,Normal,0.19551814,-126,1,170
1115,0,Normal,0,Normal,0.10699424,-127,1,170
1116,0,Normal,0,Normal,0.10699424,-127,1,169
1117,0,Normal,0,Normal,0.19551814,-126,1,170
1118,1,Attack,1,Attack,0.99999857,-105,1,169
1119,1,Attack,0,Normal,0.33020177,-125,0,169
1120,1,Attack,1,Attack,1.0,-100,1,170
1121,0,Normal,0,Normal,0.05577227,-128,1,170
1122,0,Normal,1,Attack,0.80448192,-122,0,176
1123,0,Normal,1,Attack,0.66979825,-123,0,169
1124,1,Attack,0,Normal,0.10699424,-127,0,177
1125,1,Attack,1,Attack,0.99979395,-112,1,169
1126,0,Normal,0,Normal,0.05577227,-128,1,169
1127,1,Attack,0,Normal,0.19551814,-126,0,169
1128,1,Attack,1,Attack,0.66979825,-123,1,169
1129,0,Normal,0,Normal,0.10699424,-127,1,170
1130,0,Normal,1,Attack,0.80448192,-122,0,170
1131,1,Attack,1,Attack,0.89300579,-121,1,169
1132,0,Normal,0,Normal,0.10699424,-127,1,169
1133,0,Normal,1,Attack,0.98584783,-118,0,169
1134,1,Attack,1,Attack,0.98584783,-118,1,170
1135,1,Attack,1,Attack,1.0,125,1,170
1136,1,Attack,1,Attack,0.99979395,-112,1,169
1137,1,Attack,1,Attack,0.80448192,-122,1,169
1138,1,Attack,1,Attack,0.99989843,-111,1,169
1139,1,Attack,1,Attack,0.89300579,-121,1,170
1140,0,Normal,0,Normal,0.33020177,-125,1,170
1141,1,Attack,1,Attack,0.89300579,-121,1,170
1142,0,Normal,0,Normal,0.19551814,-126,1,170
1143,1,Attack,1,Attack,0.99915278,-114,1,178
1144,0,Normal,1,Attack,0.9717049,-119,0,177
1145,0,Normal,0,Normal,0.19551814,-126,1,170
1146,0,Normal,1,Attack,0.66979825,-123,0,170
1147,0,Normal,1,Attack,0.5,-124,0,168
1148,1,Attack,1,Attack,0.80448192,-122,1,170
1149,1,Attack,1,Attack,0.99828303,-115,1,176
1150,1,Attack,1,Attack,1.0,-96,1,170
1151,0,Normal,0,Normal,0.05577227,-128,1,176
1152,0,Normal,0,Normal,0.19551814,-126,1,171
1153,1,Attack,1,Attack,0.89300579,-121,1,168
1154,1,Attack,0,Normal,0.33020177,-125,0,178
1155,0,Normal,1,Attack,0.66979825,-123,0,168
1156,1,Attack,0,Normal,0.10699424,-127,0,170
1157,1,Attack,1,Attack,0.99998784,-108,1,177
1158,0,Normal,0,Normal,0.10699424,-127,1,171
1159,1,Attack,1,Attack,0.9717049,-119,1,168
1160,1,Attack,1,Attack,0.9717049,-119,1,170
1161,1,Attack,1,Attack,0.99999988,-102,1,168
1162,1,Attack,1,Attack,0.89300579,-121,1,170
1163,1,Attack,1,Attack,0.99652326,-116,1,175
1164,1,Attack,1,Attack,0.89300579,-121,1,170
1165,0,Normal,1,Attack,0.89300579,-121,0,168
1166,1,Attack,0,Normal,0.33020177,-125,0,178
1167,1,Attack,1,Attack,1.0,116,1,168
1168,1,Attack,1,Attack,0.99999988,-101,1,170
1169,1,Attack,1,Attack,0.80448192,-122,1,176
1170,1,Attack,1,Attack,1.0,119,1,170
1171,0,Normal,1,Attack,0.89300579,-121,0,168
1172,0,Normal,0,Normal,0.10699424,-127,1,179
1173,0,Normal,1,Attack,0.80448192,-122,0,168
1174,0,Normal,1,Attack,0.80448192,-122,0,179
1175,1,Attack,1,Attack,0.98584783,-118,1,168
1176,0,Normal,1,Attack,0.66979825,-123,0,170
1177,0,Normal,0,Normal,0.19551814,-126,1,168
1178,0,Normal,0,Normal,0.10699424,-127,1,171
1179,0,Normal,0,Normal,0.10699424,-127,1,168
1180,1,Attack,1,Attack,0.99999928,-104,1,170
1181,1,Attack,1,Attack,0.66979825,-123,1,168
1182,0,Normal,0,Normal,0.10699424,-127,1,170
1183,0,Normal,0,Normal,0.19551814,-126,1,177
1184,1,Attack,1,Attack,0.99994993,-110,1,170
1185,1,Attack,1,Attack,1.0,-99,1,168
1186,1,Attack,1,Attack,1.0,-69,1,171
1187,0,Normal,0,Normal,0.10699424,-127,1,168
1188,1,Attack,1,Attack,0.89300579,-121,1,171
1189,1,Attack,1,Attack,1.0,-99,1,168
1190,0,Normal,0,Normal,0.10699424,-127,1,171
1191,1,Attack,1,Attack,0.9717049,-119,1,169
1192,1,Attack,1,Attack,0.80448192,-122,1,170
1193,0,Normal,0,Normal,0.10699424,-127,1,168
1194,0,Normal,0,Normal,0.33020177,-125,1,170
1195,0,Normal,1,Attack,0.66979825,-123,0,168
1196,0,Normal,1,Attack,0.5,-124,0,171
1197,1,Attack,1,Attack,1.0,-99,1,169
1198,1,Attack,1,Attack,0.99979395,-112,1,170
1199,1,Attack,1,Attack,0.94422776,-120,1,168
1200,0,Normal,0,Normal,0.19551814,-126,1,178
1201,0,Normal,0,Normal,0.10699424,-127,1,168
1202,0,Normal,0,Normal,0.33020177,-125,1,170
1203,0,Normal,0,Normal,0.10699424,-127,1,168
1204,1,Attack,1,Attack,1.0,113,1,171
1205,1,Attack,1,Attack,0.99999404,-107,1,169
1206,0,Normal,0,Normal,0.33020177,-125,1,178
1207,0,Normal,1,Attack,0.89300579,-121,0,177
1208,1,Attack,1,Attack,0.99999988,-101,1,169
1209,0,Normal,1,Attack,0.66979825,-123,0,169
1210,0,Normal,1,Attack,0.80448192,-122,0,170
1211,1,Attack,1,Attack,0.98584783,-118,1,169
1212,1,Attack,1,Attack,0.99997532,-109,1,177
1213,0,Normal,0,Normal,0.33020177,-125,1,170
1214,0,Normal,1,Attack,0.89300579,-121,0,169
1215,1,Attack,1,Attack,0.99915278,-114,1,178
1216,1,Attack,1,Attack,0.89300579,-121,1,169
1217,0,Normal,0,Normal,0.10699424,-127,1,169
1218,0,Normal,0,Normal,0.10699424,-127,1,170
1219,0,Normal,0,Normal,0.19551814,-126,1,170
1220,1,Attack,1,Attack,1.0,124,1,170
1221,0,Normal,0,Normal,0.05577227,-128,1,169
1222,0,Normal,0,Normal,0.19551814,-126,1,170
1223,0,Normal,1,Attack,0.80448192,-122,0,170
1224,0,Normal,0,Normal,0.05577227,-128,1,170
1225,1,Attack,1,Attack,0.99999857,-105,1,170
1226,0,Normal,0,Normal,0.19551814,-126,1,169
1227,1,Attack,1,Attack,0.99828303,-115,1,170
1228,1,Attack,1,Attack,0.9717049,-119,1,170
1229,1,Attack,1,Attack,1.0,-98,1,169
1230,1,Attack,1,Attack,0.89300579,-121,1,169
1231,1,Attack,1,Attack,1.0,-99,1,168
1232,1,Attack,1,Attack,0.89300579,-121,1,171
1233,1,Attack,1,Attack,1.0,-99,1,168
1234,1,Attack,1,Attack,1.0,113,1,171
1235,0,Normal,0,Normal,0.10699424,-127,1,168
1236,0,Normal,0,Normal,0.10699424,-127,1,170
1237,0,Normal,1,Attack,0.66979825,-123,0,176
1238,1,Attack,1,Attack,0.99999988,-102,1,170
1239,1,Attack,1,Attack,1.0,-97,1,168
1240,1,Attack,1,Attack,0.99297273,-117,1,171
1241,1,Attack,0,Normal,0.33020177,-125,0,168
1242,1,Attack,1,Attack,0.89300579,-121,1,170
1243,0,Normal,1,Attack,0.5,-124,0,168
1244,1,Attack,1,Attack,1.0,-99,1,170
1245,1,Attack,1,Attack,1.0,126,1,176
1246,0,Normal,1,Attack,0.66979825,-123,0,178
1247,1,Attack,1,Attack,0.99989843,-111,1,168
1248,1,Attack,1,Attack,0.80448192,-122,1,171
1249,1,Attack,1,Attack,1.0,118,1,169
1250,1,Attack,0,Normal,0.19551814,-126,0,171
1251,1,Attack,1,Attack,1.0,127,1,168
1252,0,Normal,1,Attack,0.89300579,-121,0,171
1253,0,Normal,1,Attack,0.80448192,-122,0,168
1254,1,Attack,1,Attack,0.99297273,-117,1,178
1255,1,Attack,1,Attack,0.99297273,-117,1,168
1256,1,Attack,1,Attack,1.0,127,1,171
1257,1,Attack,1,Attack,1.0,-89,1,169
1258,1,Attack,1,Attack,1.0,-83,1,170
1259,1,Attack,1,Attack,1.0,-91,1,168
1260,0,Normal,0,Normal,0.05577227,-128,1,171
1261,1,Attack,0,Normal,0.19551814,-126,0,168
1262,1,Attack,0,Normal,0.33020177,-125,0,178
1263,0,Normal,0,Normal,0.05577227,-128,1,168
1264,0,Normal,1,Attack,0.98584783,-118,0,171
1265,0,Normal,0,Normal,0.10699424,-127,1,168
1266,0,Normal,0,Normal,0.10699424,-127,1,171
1267,1,Attack,1,Attack,1.0,127,1,168
1268,1,Attack,1,Attack,0.99828303,-115,1,170
1269,1,Attack,1,Attack,0.5,-124,1,168
1270,0,Normal,1,Attack,0.9717049,-119,0,170
1271,0,Normal,0,Normal,0.05577227,-128,1,168
1272,0,Normal,1,Attack,0.80448192,-122,0,170
1273,0,Normal,0,Normal,0.10699424,-127,1,169
1274,0,Normal,0,Normal,0.05577227,-128,1,169
1275,1,Attack,1,Attack,1.0,-85,1,169
1276,1,Attack,1,Attack,1.0,-100,1,169
1277,0,Normal,1,Attack,0.89300579,-121,0,169
1278,0,Normal,1,Attack,0.80448192,-122,0,170
1279,0,Normal,0,Normal,0.10699424,-127,1,170
1280,1,Attack,1,Attack,0.99999404,-107,1,169
1281,1,Attack,1,Attack,0.99828303,-115,1,170
1282,1,Attack,1,Attack,0.94422776,-120,1,170
1283,1,Attack,1,Attack,0.80448192,-122,1,170
1284,1,Attack,1,Attack,0.99297273,-117,1,169
1285,0,Normal,1,Attack,0.94422776,-120,0,169
1286,1,Attack,1,Attack,0.99297273,-117,1,176
1287,1,Attack,1,Attack,0.66979825,-123,1,170
1288,0,Normal,0,Normal,0.10699424,-127,1,170
1289,1,Attack,0,Normal,0.19551814,-126,0,169
1290,0,Normal,1,Attack,0.5,-124,0,170
1291,1,Attack,1,Attack,0.99652326,-116,1,169
1292,0,Normal,0,Normal,0.19551814,-126,1,170
1293,0,Normal,0,Normal,0.10699424,-127,1,169
1294,1,Attack,1,Attack,0.80448192,-122,1,169
1295,1,Attack,1,Attack,0.99997532,-109,1,170
1296,1,Attack,0,Normal,0.19551814,-126,0,170
1297,1,Attack,0,Normal,0.19551814,-126,0,169
1298,1,Attack,1,Attack,0.99997532,-109,1,169
1299,0,Normal,0,Normal,0.10699424,-127,1,168
1300,0,Normal,1,Attack,0.66979825,-123,0,171
1301,1,Attack,1,Attack,0.99997532,-109,1,177
1302,0,Normal,0,Normal,0.19551814,-126,1,171
1303,0,Normal,0,Normal,0.10699424,-127,1,168
1304,0,Normal,1,Attack,0.89300579,-121,0,178
1305,0,Normal,0,Normal,0.10699424,-127,1,176
1306,1,Attack,1,Attack,0.99999702,-106,1,170
1307,0,Normal,1,Attack,0.9717049,-119,0,168
1308,1,Attack,0,Normal,0.33020177,-125,0,170
1309,0,Normal,0,Normal,0.10699424,-127,1,176
1310,0,Normal,0,Normal,0.10699424,-127,1,171
1311,0,Normal,1,Attack,0.66979825,-123,0,168
1312,0,Normal,0,Normal,0.10699424,-127,1,171
1313,0,Normal,0,Normal,0.10699424,-127,1,168
1314,0,Normal,0,Normal,0.19551814,-126,1,170
1315,1,Attack,1,Attack,0.94422776,-120,1,168
1316,1,Attack,1,Attack,0.99999988,-102,1,170
1317,1,Attack,1,Attack,0.99652326,-116,1,169
1318,0,Normal,0,Normal,0.10699424,-127,1,171
1319,1,Attack,1,Attack,0.89300579,-121,1,168
1320,1,Attack,0,Normal,0.19551814,-126,0,178
1321,0,Normal,1,Attack,0.80448192,-122,0,168
1322,0,Normal,0,Normal,0.10699424,-127,1,170
1323,1,Attack,1,Attack,0.99999928,-104,1,168
1324,0,Normal,0,Normal,0.10699424,-127,1,169
1325,0,Normal,0,Normal,0.33020177,-125,1,169
1326,0,Normal,0,Normal,0.10699424,-127,1,169
1327,1,Attack,1,Attack,0.99999702,-106,1,176
1328,0,Normal,0,Normal,0.05577227,-128,1,169
1329,1,Attack,1,Attack,0.80448192,-122,1,170
1330,1,Attack,0,Normal,0.33020177,-125,0,169
1331,0,Normal,1,Attack,0.89300579,-121,0,170
1332,0,Normal,0,Normal,0.19551814,-126,1,169
1333,1,Attack,1,Attack,0.99999702,-106,1,178
1334,1,Attack,1,Attack,0.99915278,-114,1,169
1335,0,Normal,1,Attack,0.89300579,-121,0,169
1336,1,Attack,1,Attack,0.94422776,-120,1,170
1337,0,Normal,0,Normal,0.10699424,-127,1,170
1338,1,Attack,1,Attack,0.66979825,-123,1,169
1339,1,Attack,1,Attack,0.99828303,-115,1,169
1340,0,Normal,0,Normal,0.19551814,-126,1,169
1341,0,Normal,0,Normal,0.19551814,-126,1,170
1342,0,Normal,0,Normal,0.10699424,-127,1,170
1343,1,Attack,1,Attack,1.0,-96,1,169
1344,1,Attack,1,Attack,1.0,127,1,177
1345,0,Normal,1,Attack,0.80448192,-122,0,170
1346,1,Attack,1,Attack,0.99989843,-111,1,169
1347,1,Attack,0,Normal,0.19551814,-126,0,169
1348,0,Normal,1,Attack,0.66979825,-123,0,177
1349,0,Normal,1,Attack,0.80448192,-122,0,170
1350,0,Normal,0,Normal,0.19551814,-126,1,177
1351,1,Attack,1,Attack,0.99999988,-102,1,169
1352,1,Attack,1,Attack,0.99828303,-115,1,169
1353,1,Attack,1,Attack,1.0,127,1,169
1354,1,Attack,1,Attack,0.89300579,-121,1,177
1355,0,Normal,1,Attack,0.80448192,-122,0,169
1356,1,Attack,1,Attack,0.99297273,-117,1,169
1357,0,Normal,0,Normal,0.10699424,-127,1,170
1358,1,Attack,1,Attack,0.98584783,-118,1,169
1359,1,Attack,1,Attack,0.9717049,-119,1,169
1360,0,Normal,0,Normal,0.10699424,-127,1,169
1361,1,Attack,0,Normal,0.10699424,-127,0,176
1362,0,Normal,0,Normal,0.05577227,-128,1,169
1363,0,Normal,1,Attack,0.9717049,-119,0,169
1364,1,Attack,1,Attack,0.98584783,-118,1,170
1365,0,Normal,0,Normal,0.19551814,-126,1,177
1366,1,Attack,1,Attack,0.80448192,-122,1,169
1367,0,Normal,0,Normal,0.10699424,-127,1,169
1368,0,Normal,0,Normal,0.10699424,-127,1,169
1369,1,Attack,1,Attack,0.89300579,-121,1,178
1370,0,Normal,0,Normal,0.10699424,-127,1,169
1371,0,Normal,1,Attack,0.89300579,-121,0,169
1372,1,Attack,1,Attack,0.99297273,-117,1,169
1373,1,Attack,1,Attack,0.99999702,-106,1,168
1374,0,Normal,1,Attack,0.89300579,-121,0,178
1375,1,Attack,1,Attack,1.0,-83,1,168
1376,1,Attack,0,Normal,0.19551814,-126,0,171
1377,0,Normal,1,Attack,0.80448192,-122,0,176
1378,0,Normal,0,Normal,0.10699424,-127,1,170
1379,1,Attack,1,Attack,0.98584783,-118,1,168
1380,0,Normal,0,Normal,0.10699424,-127,1,170
1381,1,Attack,1,Attack,0.94422776,-120,1,168
1382,1,Attack,1,Attack,0.99979395,-112,1,169
1383,0,Normal,0,Normal,0.10699424,-127,1,169
1384,0,Normal,0,Normal,0.19551814,-126,1,169
1385,1,Attack,1,Attack,0.99915278,-114,1,169
1386,1,Attack,1,Attack,1.0,-100,1,170
1387,1,Attack,1,Attack,0.89300579,-121,1,168
1388,0,Normal,0,Normal,0.33020177,-125,1,171
1389,1,Attack,1,Attack,0.80448192,-122,1,168
1390,0,Normal,1,Attack,0.80448192,-122,0,178
1391,0,Normal,0,Normal,0.10699424,-127,1,176
1392,0,Normal,0,Normal,0.19551814,-126,1,170
1393,1,Attack,1,Attack,0.94422776,-120,1,168
1394,1,Attack,1,Attack,0.99915278,-114,1,170
1395,1,Attack,1,Attack,0.89300579,-121,1,168
1396,0,Normal,0,Normal,0.19551814,-126,1,171
1397,0,Normal,0,Normal,0.19551814,-126,1,168
1398,1,Attack,1,Attack,1.0,-99,1,171
1399,1,Attack,1,Attack,0.99997532,-109,1,169
1400,0,Normal,0,Normal,0.10699424,-127,1,170
1401,1,Attack,1,Attack,0.89300579,-121,1,176
1402,0,Normal,1,Attack,0.94422776,-120,0,171
1403,0,Normal,0,Normal,0.19551814,-126,1,176
1404,0,Normal,0,Normal,0.10699424,-127,1,170
1405,0,Normal,0,Normal,0.10699424,-127,1,168
1406,0,Normal,0,Normal,0.19551814,-126,1,171
1407,0,Normal,0,Normal,0.19551814,-126,1,175
1408,0,Normal,0,Normal,0.10699424,-127,1,178
1409,0,Normal,0,Normal,0.10699424,-127,1,169
1410,1,Attack,1,Attack,1.0,-97,1,171
1411,0,Normal,0,Normal,0.33020177,-125,1,168
1412,0,Normal,0,Normal,0.10699424,-127,1,170
1413,0,Normal,1,Attack,0.80448192,-122,0,169
1414,0,Normal,1,Attack,0.80448192,-122,0,171
1415,0,Normal,0,Normal,0.19551814,-126,1,169
1416,0,Normal,1,Attack,0.5,-124,0,170
1417,1,Attack,0,Normal,0.10699424,-127,0,168
1418,1,Attack,1,Attack,0.99828303,-115,1,171
1419,1,Attack,1,Attack,1.0,-81,1,168
1420,1,Attack,1,Attack,1.0,-96,1,170
1421,1,Attack,1,Attack,0.94422776,-120,1,169
1422,0,Normal,0,Normal,0.10699424,-127,1,178
1423,1,Attack,1,Attack,0.80448192,-122,1,168
1424,1,Attack,1,Attack,0.99297273,-117,1,171
1425,1,Attack,1,Attack,0.99999928,-104,1,168
1426,1,Attack,1,Attack,0.99999857,-105,1,171
1427,1,Attack,1,Attack,0.80448192,-122,1,169
1428,0,Normal,0,Normal,0.19551814,-126,1,169
1429,1,Attack,1,Attack,0.98584783,-118,1,169
1430,1,Attack,1,Attack,1.0,127,1,170
1431,1,Attack,1,Attack,1.0,127,1,169
1432,0,Normal,1,Attack,0.89300579,-121,0,171
1433,1,Attack,1,Attack,0.99297273,-117,1,169
1434,1,Attack,0,Normal,0.19551814,-126,0,169
1435,1,Attack,0,Normal,0.19551814,-126,0,169
1436,0,Normal,1,Attack,0.89300579,-121,0,170
1437,1,Attack,1,Attack,0.99999404,-107,1,177
1438,1,Attack,1,Attack,0.94422776,-120,1,170
1439,0,Normal,0,Normal,0.19551814,-126,1,169
1440,0,Normal,1,Attack,0.89300579,-121,0,169
1441,0,Normal,1,Attack,0.89300579,-121,0,169
1442,1,Attack,1,Attack,0.99999964,-103,1,169
1443,0,Normal,1,Attack,0.66979825,-123,0,170
1444,0,Normal,1,Attack,0.89300579,-121,0,170
1445,1,Attack,1,Attack,1.0,-97,1,170
1446,0,Normal,1,Attack,0.9717049,-119,0,169
1447,0,Normal,1,Attack,0.94422776,-120,0,169
1448,1,Attack,1,Attack,1.0,-98,1,170
1449,1,Attack,1,Attack,0.99828303,-115,1,178
1450,0,Normal,0,Normal,0.19551814,-126,1,169
1451,1,Attack,0,Normal,0.10699424,-127,0,176
1452,1,Attack,1,Attack,1.0,127,1,169
1453,1,Attack,1,Attack,1.0,-98,1,170
1454,1,Attack,1,Attack,0.89300579,-121,1,169
1455,0,Normal,1,Attack,0.89300579,-121,0,169
1456,0,Normal,0,Normal,0.19551814,-126,1,169
1457,0,Normal,0,Normal,0.10699424,-127,1,177
1458,0,Normal,1,Attack,0.89300579,-121,0,170
1459,0,Normal,1,Attack,0.66979825,-123,0,170
1460,1,Attack,1,Attack,0.9717049,-119,1,177
1461,0,Normal,1,Attack,0.89300579,-121,0,169
1462,0,Normal,1,Attack,0.80448192,-122,0,176
1463,1,Attack,1,Attack,0.89300579,-121,1,169
1464,0,Normal,1,Attack,0.80448192,-122,0,169
1465,0,Normal,0,Normal,0.10699424,-127,1,169
1466,1,Attack,1,Attack,0.9717049,-119,1,170
1467,1,Attack,1,Attack,0.9717049,-119,1,170
1468,0,Normal,0,Normal,0.10699424,-127,1,170
1469,1,Attack,1,Attack,0.99915278,-114,1,169
1470,0,Normal,1,Attack,0.94422776,-120,0,169
1471,0,Normal,0,Normal,0.10699424,-127,1,169
1472,1,Attack,1,Attack,0.99997532,-109,1,170
1473,0,Normal,0,Normal,0.33020177,-125,1,170
1474,0,Normal,0,Normal,0.10699424,-127,1,170
1475,1,Attack,1,Attack,0.5,-124,1,170
1476,0,Normal,1,Attack,0.80448192,-122,0,169
1477,1,Attack,1,Attack,0.98584783,-118,1,176
1478,0,Normal,0,Normal,0.33020177,-125,1,170
1479,0,Normal,1,Attack,0.80448192,-122,0,177
1480,1,Attack,1,Attack,0.80448192,-122,1,170
1481,1,Attack,1,Attack,0.89300579,-121,1,169
1482,0,Normal,0,Normal,0.10699424,-127,1,170
1483,0,Normal,0,Normal,0.10699424,-127,1,177
1484,1,Attack,0,Normal,0.10699424,-127,0,169
1485,0,Normal,0,Normal,0.10699424,-127,1,169
1486,0,Normal,1,Attack,0.66979825,-123,0,170
1487,1,Attack,1,Attack,1.0,-88,1,168
1488,1,Attack,1,Attack,0.9717049,-119,1,171
1489,0,Normal,1,Attack,0.94422776,-120,0,176
1490,0,Normal,1,Attack,0.5,-124,0,171
1491,1,Attack,1,Attack,1.0,126,1,169
1492,1,Attack,1,Attack,1.0,126,1,171
1493,0,Normal,0,Normal,0.10699424,-127,1,169
1494,0,Normal,1,Attack,0.89300579,-121,0,171
1495,1,Attack,1,Attack,0.80448192,-122,1,168
1496,0,Normal,1,Attack,0.80448192,-122,0,171
1497,1,Attack,1,Attack,1.0,-91,1,168
1498,0,Normal,1,Attack,0.99297273,-117,0,170
1499,1,Attack,1,Attack,0.99998784,-108,1,168
1500,0,Normal,0,Normal,0.10699424,-127,1,170
1501,0,Normal,0,Normal,0.33020177,-125,1,168
1502,0,Normal,1,Attack,0.80448192,-122,0,179
1503,1,Attack,1,Attack,0.99999964,-103,1,168
1504,0,Normal,0,Normal,0.10699424,-127,1,170
1505,0,Normal,1,Attack,0.89300579,-121,0,176
1506,0,Normal,1,Attack,0.89300579,-121,0,171
1507,1,Attack,1,Attack,0.66979825,-123,1,168
1508,1,Attack,1,Attack,0.99998784,-108,1,171
1509,0,Normal,0,Normal,0.19551814,-126,1,168
1510,1,Attack,1,Attack,0.99915278,-114,1,170
1511,0,Normal,0,Normal,0.19551814,-126,1,168
1512,0,Normal,1,Attack,0.66979825,-123,0,170
1513,1,Attack,1,Attack,1.0,126,1,168
1514,1,Attack,1,Attack,0.99297273,-117,1,170
1515,0,Normal,0,Normal,0.10699424,-127,1,168
1516,1,Attack,1,Attack,1.0,-87,1,179
1517,1,Attack,1,Attack,0.99999857,-105,1,168
1518,1,Attack,1,Attack,0.99652326,-116,1,178
1519,1,Attack,0,Normal,0.33020177,-125,0,168
1520,1,Attack,1,Attack,0.99999928,-104,1,178
1521,1,Attack,1,Attack,0.80448192,-122,1,168
1522,1,Attack,1,Attack,0.80448192,-122,1,170
1523,1,Attack,1,Attack,0.99998784,-108,1,177
1524,0,Normal,0,Normal,0.33020177,-125,1,169
1525,0,Normal,0,Normal,0.10699424,-127,1,169
1526,1,Attack,1,Attack,0.89300579,-121,1,170
1527,1,Attack,1,Attack,1.0,127,1,169
1528,1,Attack,1,Attack,1.0,-97,1,169
1529,0,Normal,1,Attack,0.66979825,-123,0,177
1530,0,Normal,0,Normal,0.10699424,-127,1,170
1531,1,Attack,1,Attack,1.0,-86,1,169
1532,0,Normal,0,Normal,0.19551814,-126,1,169
1533,0,Normal,1,Attack,0.89300579,-121,0,178
1534,0,Normal,0,Normal,0.33020177,-125,1,170
1535,1,Attack,1,Attack,0.89300579,-121,1,168
1536,0,Normal,0,Normal,0.10699424,-127,1,170
1537,0,Normal,1,Attack,0.66979825,-123,0,168
1538,1,Attack,1,Attack,0.80448192,-122,1,171
1539,1,Attack,1,Attack,0.99652326,-116,1,168
1540,0,Normal,0,Normal,0.19551814,-126,1,170
1541,0,Normal,1,Attack,0.5,-124,0,176
1542,1,Attack,1,Attack,0.94422776,-120,1,170
1543,0,Normal,0,Normal,0.19551814,-126,1,168
1544,0,Normal,0,Normal,0.10699424,-127,1,170
1545,1,Attack,0,Normal,0.19551814,-126,0,175
1546,0,Normal,0,Normal,0.10699424,-127,1,171
1547,0,Normal,1,Attack,0.80448192,-122,0,176
1548,0,Normal,0,Normal,0.10699424,-127,1,171
1549,1,Attack,1,Attack,0.99652326,-116,1,168
1550,0,Normal,1,Attack,0.80448192,-122,0,171
1551,1,Attack,1,Attack,0.99828303,-115,1,168
1552,0,Normal,0,Normal,0.10699424,-127,1,179
1553,1,Attack,1,Attack,1.0,-81,1,168
1554,1,Attack,1,Attack,1.0,-82,1,170
1555,0,Normal,1,Attack,0.5,-124,0,176
1556,0,Normal,0,Normal,0.19551814,-126,1,171
1557,0,Normal,0,Normal,0.33020177,-125,1,176
1558,1,Attack,1,Attack,0.99915278,-114,1,171
1559,1,Attack,1,Attack,0.80448192,-122,1,169
1560,0,Normal,1,Attack,0.94422776,-120,0,171
1561,1,Attack,1,Attack,1.0,-91,1,168
1562,1,Attack,1,Attack,0.80448192,-122,1,171
1563,0,Normal,0,Normal,0.19551814,-126,1,168
1564,0,Normal,0,Normal,0.10699424,-127,1,170
1565,0,Normal,1,Attack,0.89300579,-121,0,176
1566,0,Normal,0,Normal,0.10699424,-127,1,171
1567,0,Normal,0,Normal,0.10699424,-127,1,168
1568,1,Attack,1,Attack,0.89300579,-121,1,170
1569,0,Normal,0,Normal,0.05577227,-128,1,169
1570,0,Normal,0,Normal,0.05577227,-128,1,170
1571,0,Normal,0,Normal,0.19551814,-126,1,168
1572,0,Normal,1,Attack,0.80448192,-122,0,171
1573,1,Attack,1,Attack,0.99297273,-117,1,168
1574,1,Attack,1,Attack,0.99828303,-115,1,178
1575,1,Attack,1,Attack,0.99999702,-106,1,168
1576,0,Normal,1,Attack,0.80448192,-122,0,171
1577,1,Attack,1,Attack,0.99652326,-116,1,175
1578,0,Normal,0,Normal,0.33020177,-125,1,171
1579,0,Normal,1,Attack,0.99297273,-117,0,176
1580,0,Normal,1,Attack,0.94422776,-120,0,170
1581,0,Normal,1,Attack,0.80448192,-122,0,168
1582,1,Attack,0,Normal,0.33020177,-125,0,171
1583,1,Attack,1,Attack,0.99828303,-115,1,168
1584,0,Normal,1,Attack,0.80448192,-122,0,170
1585,1,Attack,1,Attack,0.98584783,-118,1,168
1586,1,Attack,1,Attack,0.99297273,-117,1,170
1587,1,Attack,1,Attack,1.0,-99,1,168
1588,1,Attack,0,Normal,0.19551814,-126,0,171
1589,0,Normal,0,Normal,0.19551814,-126,1,168
1590,1,Attack,1,Attack,0.99999964,-103,1,170
1591,1,Attack,1,Attack,0.99999857,-105,1,169
1592,1,Attack,0,Normal,0.33020177,-125,0,178
1593,1,Attack,1,Attack,1.0,-85,1,169
1594,0,Normal,1,Attack,0.66979825,-123,0,171
1595,0,Normal,0,Normal,0.33020177,-125,1,168
1596,0,Normal,1,Attack,0.66979825,-123,0,179
1597,1,Attack,1,Attack,0.99999404,-107,1,168
1598,1,Attack,1,Attack,1.0,-99,1,170
1599,0,Normal,0,Normal,0.05577227,-128,1,168
1600,1,Attack,1,Attack,0.99828303,-115,1,170
1601,0,Normal,0,Normal,0.19551814,-126,1,168
1602,0,Normal,0,Normal,0.33020177,-125,1,170
1603,1,Attack,1,Attack,0.99915278,-114,1,169
1604,0,Normal,1,Attack,0.89300579,-121,0,169
1605,0,Normal,1,Attack,0.89300579,-121,0,170
1606,0,Normal,0,Normal,0.19551814,-126,1,169
1607,1,Attack,1,Attack,0.80448192,-122,1,169
1608,1,Attack,1,Attack,1.0,120,1,169
1609,0,Normal,0,Normal,0.05577227,-128,1,169
1610,1,Attack,1,Attack,0.99999404,-107,1,178
1611,1,Attack,0,Normal,0.05577227,-128,0,170
1612,0,Normal,1,Attack,0.89300579,-121,0,177
1613,0,Normal,1,Attack,0.89300579,-121,0,170
1614,0,Normal,0,Normal,0.10699424,-127,1,169
1615,0,Normal,1,Attack,0.80448192,-122,0,169
1616,0,Normal,1,Attack,0.66979825,-123,0,169
1617,0,Normal,0,Normal,0.19551814,-126,1,170
1618,0,Normal,1,Attack,0.9717049,-119,0,169
1619,1,Attack,1,Attack,0.94422776,-120,1,169
1620,1,Attack,1,Attack,0.99652326,-116,1,169
1621,0,Normal,1,Attack,0.89300579,-121,0,169
1622,0,Normal,0,Normal,0.10699424,-127,1,178
1623,0,Normal,0,Normal,0.10699424,-127,1,170
1624,1,Attack,1,Attack,1.0,-94,1,169
1625,0,Normal,0,Normal,0.19551814,-126,1,169
1626,0,Normal,1,Attack,0.80448192,-122,0,169
1627,1,Attack,1,Attack,1.0,-99,1,169
1628,1,Attack,1,Attack,1.0,-98,1,177
1629,1,Attack,1,Attack,0.98584783,-118,1,177
1630,1,Attack,0,Normal,0.19551814,-126,0,170
1631,1,Attack,1,Attack,1.0,113,1,177
1632,1,Attack,1,Attack,0.99828303,-115,1,170
1633,1,Attack,1,Attack,1.0,-81,1,169
1634,1,Attack,1,Attack,1.0,127,1,169
1635,0,Normal,0,Normal,0.10699424,-127,1,169
1636,0,Normal,1,Attack,0.89300579,-121,0,169
1637,1,Attack,1,Attack,0.99828303,-115,1,169
1638,1,Attack,1,Attack,1.0,-98,1,169
1639,1,Attack,1,Attack,0.89300579,-121,1,170
1640,0,Normal,0,Normal,0.19551814,-126,1,169
1641,0,Normal,1,Attack,0.80448192,-122,0,177
1642,0,Normal,1,Attack,0.94422776,-120,0,169
1643,1,Attack,1,Attack,0.99999404,-107,1,170
1644,1,Attack,1,Attack,1.0,-83,1,169
1645,0,Normal,1,Attack,0.94422776,-120,0,170
1646,1,Attack,1,Attack,0.98584783,-118,1,177
1647,0,Normal,1,Attack,0.80448192,-122,0,169
1648,1,Attack,0,Normal,0.19551814,-126,0,169
1649,0,Normal,0,Normal,0.05577227,-128,1,169
1650,1,Attack,1,Attack,0.99999988,-102,1,169
1651,1,Attack,1,Attack,1.0,125,1,168
1652,1,Attack,1,Attack,1.0,-94,1,170
1653,0,Normal,0,Normal,0.19551814,-126,1,176
1654,0,Normal,0,Normal,0.10699424,-127,1,179
1655,0,Normal,0,Normal,0.19551814,-126,1,168
1656,0,Normal,1,Attack,0.5,-124,0,171
1657,0,Normal,0,Normal,0.10699424,-127,1,168
1658,1,Attack,1,Attack,0.98584783,-118,1,178
1659,1,Attack,1,Attack,1.0,126,1,168
1660,1,Attack,1,Attack,0.98584783,-118,1,170
1661,0,Normal,0,Normal,0.05577227,-128,1,168
1662,0,Normal,0,Normal,0.33020177,-125,1,171
1663,0,Normal,1,Attack,0.9717049,-119,0,169
1664,1,Attack,0,Normal,0.10699424,-127,0,171
1665,1,Attack,1,Attack,0.99958211,-113,1,168
1666,1,Attack,1,Attack,1.0,-100,1,170
1667,1,Attack,1,Attack,1.0,127,1,168
1668,1,Attack,1,Attack,0.99999964,-103,1,171
1669,0,Normal,0,Normal,0.10699424,-127,1,168
1670,1,Attack,0,Normal,0.19551814,-126,0,171
1671,0,Normal,0,Normal,0.10699424,-127,1,176
1672,0,Normal,0,Normal,0.19551814,-126,1,171
1673,1,Attack,1,Attack,0.99999988,-102,1,168
1674,1,Attack,1,Attack,0.99652326,-116,1,170
1675,1,Attack,1,Attack,0.98584783,-118,1,168
1676,1,Attack,1,Attack,1.0,127,1,170
1677,0,Normal,1,Attack,0.89300579,-121,0,169
1678,0,Normal,0,Normal,0.19551814,-126,1,170
1679,1,Attack,1,Attack,0.89300579,-121,1,168
1680,1,Attack,1,Attack,0.99999964,-103,1,179
1681,0,Normal,0,Normal,0.33020177,-125,1,168
1682,1,Attack,1,Attack,0.99915278,-114,1,170
1683,1,Attack,1,Attack,0.80448192,-122,1,168
1684,1,Attack,1,Attack,0.99915278,-114,1,170
1685,0,Normal,0,Normal,0.33020177,-125,1,168
1686,1,Attack,1,Attack,0.89300579,-121,1,170
1687,0,Normal,1,Attack,0.66979825,-123,0,168
1688,0,Normal,0,Normal,0.10699424,-127,1,171
1689,1,Attack,1,Attack,1.0,-89,1,168
1690,0,Normal,0,Normal,0.19551814,-126,1,178
1691,0,Normal,0,Normal,0.10699424,-127,1,169
1692,1,Attack,1,Attack,0.99652326,-116,1,178
1693,0,Normal,0,Normal,0.10699424,-127,1,168
1694,1,Attack,1,Attack,1.0,127,1,179
1695,0,Normal,0,Normal,0.10699424,-127,1,169
1696,1,Attack,1,Attack,0.80448192,-122,1,178
1697,1,Attack,0,Normal,0.10699424,-127,0,168
1698,1,Attack,1,Attack,0.66979825,-123,1,170
1699,0,Normal,1,Attack,0.94422776,-120,0,168
1700,1,Attack,0,Normal,0.19551814,-126,0,170
1701,0,Normal,0,Normal,0.33020177,-125,1,176
1702,1,Attack,1,Attack,0.99999964,-103,1,170
1703,0,Normal,1,Attack,0.80448192,-122,0,168
1704,0,Normal,0,Normal,0.19551814,-126,1,170
1705,0,Normal,1,Attack,0.94422776,-120,0,177
1706,1,Attack,1,Attack,0.99999964,-103,1,171
1707,1,Attack,1,Attack,0.80448192,-122,1,168
1708,1,Attack,1,Attack,0.99979395,-112,1,171
1709,1,Attack,1,Attack,1.0,-80,1,168
1710,0,Normal,0,Normal,0.19551814,-126,1,171
1711,0,Normal,1,Attack,0.99297273,-117,0,168
1712,0,Normal,0,Normal,0.10699424,-127,1,170
1713,1,Attack,1,Attack,0.94422776,-120,1,176
1714,0,Normal,0,Normal,0.10699424,-127,1,171
1715,0,Normal,0,Normal,0.19551814,-126,1,168
1716,0,Normal,1,Attack,0.5,-124,0,170
1717,1,Attack,0,Normal,0.10699424,-127,0,178
1718,0,Normal,0,Normal,0.10699424,-127,1,169
1719,0,Normal,0,Normal,0.10699424,-127,1,169
1720,1,Attack,1,Attack,1.0,117,1,169
1721,0,Normal,0,Normal,0.10699424,-127,1,177
1722,1,Attack,1,Attack,1.0,-97,1,169
1723,1,Attack,1,Attack,0.99828303,-115,1,177
1724,1,Attack,1,Attack,0.99999928,-104,1,169
1725,1,Attack,1,Attack,0.9717049,-119,1,169
1726,1,Attack,1,Attack,0.98584783,-118,1,177
1727,0,Normal,0,Normal,0.05577227,-128,1,178
1728,0,Normal,0,Normal,0.10699424,-127,1,169
1729,0,Normal,0,Normal,0.33020177,-125,1,169
1730,1,Attack,1,Attack,0.89300579,-121,1,176
1731,0,Normal,0,Normal,0.19551814,-126,1,178
1732,0,Normal,1,Attack,0.5,-124,0,169
1733,1,Attack,1,Attack,0.99828303,-115,1,170
1734,0,Normal,1,Attack,0.66979825,-123,0,170
1735,1,Attack,1,Attack,0.80448192,-122,1,177
1736,1,Attack,1,Attack,1.0,-98,1,169
1737,1,Attack,1,Attack,0.99652326,-116,1,169
1738,1,Attack,1,Attack,0.80448192,-122,1,169
1739,1,Attack,1,Attack,0.99989843,-111,1,170
1740,0,Normal,0,Normal,0.05577227,-128,1,169
1741,1,Attack,1,Attack,0.99915278,-114,1,177
1742,1,Attack,1,Attack,0.99979395,-112,1,169
1743,0,Normal,0,Normal,0.10699424,-127,1,169
1744,0,Normal,0,Normal,0.33020177,-125,1,170
1745,0,Normal,0,Normal,0.10699424,-127,1,169
1746,1,Attack,1,Attack,0.99652326,-116,1,178
1747,0,Normal,0,Normal,0.33020177,-125,1,170
1748,1,Attack,1,Attack,1.0,127,1,170
1749,0,Normal,1,Attack,0.9717049,-119,0,169
1750,0,Normal,1,Attack,0.80448192,-122,0,170
1751,1,Attack,1,Attack,0.89300579,-121,1,170
1752,0,Normal,0,Normal,0.10699424,-127,1,169
1753,1,Attack,1,Attack,1.0,-84,1,168
1754,1,Attack,1,Attack,0.99999988,-101,1,171
1755,1,Attack,1,Attack,0.99652326,-116,1,168
1756,1,Attack,1,Attack,0.99828303,-115,1,170
1757,0,Normal,1,Attack,0.89300579,-121,0,168
1758,0,Normal,1,Attack,0.80448192,-122,0,170
1759,0,Normal,0,Normal,0.33020177,-125,1,168
1760,0,Normal,1,Attack,0.5,-124,0,171
1761,0,Normal,1,Attack,0.5,-124,0,168
1762,1,Attack,1,Attack,0.99297273,-117,1,170
1763,0,Normal,1,Attack,0.89300579,-121,0,176
1764,1,Attack,0,Normal,0.33020177,-125,0,171
1765,0,Normal,0,Normal,0.10699424,-127,1,168
1766,0,Normal,0,Normal,0.10699424,-127,1,170
1767,0,Normal,0,Normal,0.33020177,-125,1,168
1768,0,Normal,0,Normal,0.10699424,-127,1,171
1769,1,Attack,1,Attack,1.0,118,1,168
1770,1,Attack,1,Attack,0.80448192,-122,1,171
1771,1,Attack,1,Attack,0.99652326,-116,1,168
1772,0,Normal,0,Normal,0.10699424,-127,1,171
1773,1,Attack,1,Attack,0.99915278,-114,1,168
1774,0,Normal,1,Attack,0.89300579,-121,0,170
1775,0,Normal,0,Normal,0.33020177,-125,1,168
1776,1,Attack,1,Attack,1.0,-98,1,179
1777,0,Normal,0,Normal,0.10699424,-127,1,168
1778,0,Normal,0,Normal,0.05577227,-128,1,171
1779,1,Attack,1,Attack,1.0,127,1,168
1780,0,Normal,1,Attack,0.89300579,-121,0,178
1781,0,Normal,0,Normal,0.10699424,-127,1,168
1782,0,Normal,0,Normal,0.33020177,-125,1,178
1783,0,Normal,0,Normal,0.10699424,-127,1,169
1784,1,Attack,1,Attack,1.0,127,1,171
1785,0,Normal,0,Normal,0.10699424,-127,1,168
1786,0,Normal,0,Normal,0.10699424,-127,1,171
1787,1,Attack,1,Attack,0.89300579,-121,1,169
1788,0,Normal,1,Attack,0.89300579,-121,0,170
1789,0,Normal,0,Normal,0.10699424,-127,1,168
1790,1,Attack,1,Attack,0.94422776,-120,1,179
1791,1,Attack,1,Attack,1.0,-100,1,168
1792,0,Normal,0,Normal,0.10699424,-127,1,171
1793,1,Attack,1,Attack,0.99652326,-116,1,168
1794,0,Normal,0,Normal,0.10699424,-127,1,171
1795,1,Attack,1,Attack,0.66979825,-123,1,176
1796,0,Normal,0,Normal,0.33020177,-125,1,178
1797,1,Attack,0,Normal,0.10699424,-127,0,168
1798,0,Normal,1,Attack,0.66979825,-123,0,171
1799,0,Normal,1,Attack,0.5,-124,0,168
1800,1,Attack,1,Attack,0.94422776,-120,1,169
1801,1,Attack,1,Attack,0.80448192,-122,1,170
1802,0,Normal,0,Normal,0.19551814,-126,1,169
1803,1,Attack,1,Attack,0.99999964,-103,1,169
1804,0,Normal,1,Attack,0.80448192,-122,0,169
1805,1,Attack,1,Attack,0.99998784,-108,1,169
1806,1,Attack,1,Attack,1.0,127,1,169
1807,1,Attack,1,Attack,0.94422776,-120,1,169
1808,0,Normal,1,Attack,0.80448192,-122,0,169
1809,0,Normal,0,Normal,0.10699424,-127,1,169
1810,1,Attack,1,Attack,0.99652326,-116,1,170
1811,1,Attack,1,Attack,0.99999988,-102,1,169
1812,0,Normal,1,Attack,0.89300579,-121,0,169
1813,0,Normal,0,Normal,0.05577227,-128,1,178
1814,0,Normal,1,Attack,0.80448192,-122,0,169
1815,0,Normal,0,Normal,0.33020177,-125,1,169
1816,0,Normal,0,Normal,0.10699424,-127,1,169
1817,0,Normal,0,Normal,0.10699424,-127,1,169
1818,0,Normal,0,Normal,0.10699424,-127,1,169
1819,0,Normal,0,Normal,0.19551814,-126,1,170
1820,0,Normal,0,Normal,0.19551814,-126,1,169
1821,0,Normal,1,Attack,0.89300579,-121,0,169
1822,1,Attack,1,Attack,0.80448192,-122,1,169
1823,1,Attack,1,Attack,0.99999988,-102,1,169
1824,0,Normal,0,Normal,0.10699424,-127,1,170
1825,1,Attack,1,Attack,0.89300579,-121,1,170
1826,1,Attack,1,Attack,0.80448192,-122,1,178
1827,1,Attack,1,Attack,1.0,-81,1,170
1828,0,Normal,0,Normal,0.05577227,-128,1,170
1829,0,Normal,0,Normal,0.10699424,-127,1,170
1830,0,Normal,1,Attack,0.80448192,-122,0,169
1831,0,Normal,1,Attack,0.89300579,-121,0,169
1832,1,Attack,1,Attack,0.94422776,-120,1,169
1833,0,Normal,0,Normal,0.10699424,-127,1,176
1834,1,Attack,1,Attack,0.80448192,-122,1,169
1835,0,Normal,0,Normal,0.10699424,-127,1,170
1836,0,Normal,0,Normal,0.10699424,-127,1,169
1837,0,Normal,0,Normal,0.10699424,-127,1,170
1838,0,Normal,0,Normal,0.19551814,-126,1,169
1839,0,Normal,0,Normal,0.19551814,-126,1,169
1840,0,Normal,0,Normal,0.33020177,-125,1,177
1841,1,Attack,1,Attack,0.99828303,-115,1,170
1842,1,Attack,1,Attack,1.0,-88,1,169
1843,1,Attack,1,Attack,1.0,119,1,169
1844,1,Attack,1,Attack,0.99997532,-109,1,169
1845,1,Attack,1,Attack,1.0,127,1,170
1846,1,Attack,1,Attack,0.89300579,-121,1,169
1847,1,Attack,1,Attack,0.99652326,-116,1,177
1848,1,Attack,1,Attack,1.0,127,1,177
1849,0,Normal,1,Attack,0.5,-124,0,170
1850,0,Normal,1,Attack,0.5,-124,0,169
1851,0,Normal,0,Normal,0.19551814,-126,1,169
1852,1,Attack,1,Attack,0.98584783,-118,1,169
1853,1,Attack,1,Attack,0.98584783,-118,1,169
1854,0,Normal,0,Normal,0.10699424,-127,1,170
1855,0,Normal,1,Attack,0.89300579,-121,0,170
1856,0,Normal,1,Attack,0.5,-124,0,169
1857,1,Attack,1,Attack,0.98584783,-118,1,169
1858,1,Attack,1,Attack,0.99915278,-114,1,170
1859,0,Normal,1,Attack,0.94422776,-120,0,169
1860,1,Attack,1,Attack,0.89300579,-121,1,169
1861,0,Normal,0,Normal,0.05577227,-128,1,169
1862,1,Attack,1,Attack,0.99994993,-110,1,169
1863,1,Attack,1,Attack,1.0,-99,1,169
1864,1,Attack,1,Attack,0.99999702,-106,1,169
1865,1,Attack,1,Attack,0.66979825,-123,1,176
1866,1,Attack,1,Attack,0.99828303,-115,1,170
1867,1,Attack,1,Attack,1.0,-75,1,169
1868,0,Normal,1,Attack,0.89300579,-121,0,169
1869,0,Normal,1,Attack,0.80448192,-122,0,169
1870,1,Attack,1,Attack,1.0,126,1,177
1871,1,Attack,1,Attack,0.94422776,-120,1,169
1872,1,Attack,1,Attack,1.0,127,1,169
1873,1,Attack,1,Attack,0.89300579,-121,1,177
1874,0,Normal,1,Attack,0.99297273,-117,0,169
1875,0,Normal,1,Attack,0.80448192,-122,0,170
1876,0,Normal,1,Attack,0.80448192,-122,0,169
1877,1,Attack,1,Attack,0.89300579,-121,1,169
1878,1,Attack,1,Attack,0.80448192,-122,1,169
1879,0,Normal,1,Attack,0.66979825,-123,0,169
1880,1,Attack,1,Attack,0.99999928,-104,1,170
1881,0,Normal,1,Attack,0.66979825,-123,0,170
1882,0,Normal,0,Normal,0.10699424,-127,1,170
1883,0,Normal,0,Normal,0.10699424,-127,1,169
1884,0,Normal,0,Normal,0.10699424,-127,1,169
1885,0,Normal,0,Normal,0.33020177,-125,1,170
1886,1,Attack,1,Attack,0.99997532,-109,1,178
1887,0,Normal,1,Attack,0.89300579,-121,0,169
1888,1,Attack,1,Attack,0.98584783,-118,1,170
1889,1,Attack,1,Attack,0.89300579,-121,1,169
1890,1,Attack,1,Attack,0.89300579,-121,1,177
1891,0,Normal,0,Normal,0.10699424,-127,1,169
1892,0,Normal,0,Normal,0.10699424,-127,1,169
1893,0,Normal,0,Normal,0.10699424,-127,1,169
1894,1,Attack,1,Attack,0.99999988,-102,1,176
1895,1,Attack,0,Normal,0.10699424,-127,0,177
1896,1,Attack,1,Attack,0.94422776,-120,1,170
1897,1,Attack,1,Attack,1.0,-92,1,170
1898,1,Attack,1,Attack,0.89300579,-121,1,177
1899,0,Normal,0,Normal,0.10699424,-127,1,177
1900,0,Normal,1,Attack,0.89300579,-121,0,170
1901,1,Attack,1,Attack,0.99999928,-104,1,177
1902,1,Attack,1,Attack,1.0,-84,1,170
1903,1,Attack,0,Normal,0.19551814,-126,0,170
1904,0,Normal,1,Attack,0.89300579,-121,0,178
1905,0,Normal,0,Normal,0.10699424,-127,1,168
1906,0,Normal,1,Attack,0.80448192,-122,0,170
1907,0,Normal,0,Normal,0.10699424,-127,1,168
1908,0,Normal,1,Attack,0.66979825,-123,0,179
1909,0,Normal,1,Attack,0.80448192,-122,0,176
1910,1,Attack,1,Attack,0.99997532,-109,1,170
1911,0,Normal,1,Attack,0.66979825,-123,0,176
1912,0,Normal,1,Attack,0.5,-124,0,178
1913,1,Attack,1,Attack,1.0,-99,1,168
1914,1,Attack,1,Attack,0.94422776,-120,1,170
1915,0,Normal,0,Normal,0.33020177,-125,1,168
1916,0,Normal,1,Attack,0.98584783,-118,0,179
1917,0,Normal,1,Attack,0.5,-124,0,168
1918,1,Attack,1,Attack,1.0,126,1,171
1919,0,Normal,1,Attack,0.80448192,-122,0,168
1920,1,Attack,1,Attack,1.0,127,1,170
1921,0,Normal,1,Attack,0.9717049,-119,0,168
1922,0,Normal,0,Normal,0.19551814,-126,1,170
1923,0,Normal,0,Normal,0.10699424,-127,1,168
1924,0,Normal,0,Normal,0.10699424,-127,1,171
1925,0,Normal,0,Normal,0.10699424,-127,1,176
1926,1,Attack,1,Attack,0.99828303,-115,1,178
1927,1,Attack,1,Attack,0.99652326,-116,1,168
1928,0,Normal,1,Attack,0.80448192,-122,0,170
1929,1,Attack,1,Attack,0.99999702,-106,1,168
1930,0,Normal,0,Normal,0.05577227,-128,1,170
1931,1,Attack,1,Attack,1.0,113,1,178
1932,1,Attack,1,Attack,0.66979825,-123,1,169
1933,0,Normal,0,Normal,0.05577227,-128,1,169
1934,1,Attack,1,Attack,1.0,-84,1,169
1935,1,Attack,1,Attack,0.89300579,-121,1,169
1936,1,Attack,1,Attack,0.99994993,-110,1,169
1937,1,Attack,1,Attack,1.0,-74,1,170
1938,0,Normal,0,Normal,0.19551814,-126,1,177
1939,0,Normal,0,Normal,0.19551814,-126,1,169
1940,1,Attack,1,Attack,0.5,-124,1,170
1941,0,Normal,0,Normal,0.33020177,-125,1,170
1942,0,Normal,1,Attack,0.5,-124,0,169
1943,0,Normal,1,Attack,0.66979825,-123,0,177
1944,0,Normal,1,Attack,0.80448192,-122,0,169
1945,0,Normal,0,Normal,0.10699424,-127,1,170
1946,0,Normal,1,Attack,0.80448192,-122,0,169
1947,0,Normal,0,Normal,0.10699424,-127,1,169
1948,1,Attack,1,Attack,0.66979825,-123,1,169
1949,1,Attack,1,Attack,0.99958211,-113,1,170
1950,0,Normal,0,Normal,0.10699424,-127,1,178
1951,0,Normal,0,Normal,0.10699424,-127,1,177
1952,1,Attack,1,Attack,0.99915278,-114,1,170
1953,0,Normal,1,Attack,0.80448192,-122,0,170
1954,1,Attack,1,Attack,0.98584783,-118,1,169
1955,0,Normal,0,Normal,0.10699424,-127,1,170
1956,1,Attack,1,Attack,0.99652326,-116,1,169
1957,0,Normal,0,Normal,0.10699424,-127,1,169
1958,0,Normal,0,Normal,0.10699424,-127,1,170
1959,0,Normal,0,Normal,0.05577227,-128,1,168
1960,0,Normal,0,Normal,0.19551814,-126,1,171
1961,1,Attack,1,Attack,0.99915278,-114,1,168
1962,1,Attack,1,Attack,1.0,-99,1,179
1963,1,Attack,1,Attack,0.99999988,-101,1,176
1964,0,Normal,1,Attack,0.5,-124,0,170
1965,0,Normal,0,Normal,0.10699424,-127,1,168
1966,0,Normal,0,Normal,0.10699424,-127,1,171
1967,0,Normal,1,Attack,0.80448192,-122,0,168
1968,1,Attack,1,Attack,0.94422776,-120,1,170
1969,0,Normal,1,Attack,0.80448192,-122,0,175
1970,0,Normal,0,Normal,0.10699424,-127,1,170
1971,0,Normal,0,Normal,0.33020177,-125,1,170
1972,1,Attack,1,Attack,0.99915278,-114,1,169
1973,1,Attack,1,Attack,1.0,-68,1,170
1974,0,Normal,0,Normal,0.10699424,-127,1,169
1975,0,Normal,1,Attack,0.89300579,-121,0,169
1976,0,Normal,0,Normal,0.10699424,-127,1,169
1977,0,Normal,0,Normal,0.19551814,-126,1,169
1978,1,Attack,1,Attack,0.99915278,-114,1,170
1979,1,Attack,1,Attack,1.0,-72,1,177
1980,0,Normal,0,Normal,0.19551814,-126,1,169
1981,1,Attack,1,Attack,1.0,-96,1,178
1982,0,Normal,0,Normal,0.10699424,-127,1,169
1983,0,Normal,0,Normal,0.10699424,-127,1,169
1984,0,Normal,1,Attack,0.89300579,-121,0,177
1985,0,Normal,1,Attack,0.66979825,-123,0,169
1986,0,Normal,1,Attack,0.80448192,-122,0,178
1987,1,Attack,1,Attack,0.99297273,-117,1,169
1988,0,Normal,0,Normal,0.10699424,-127,1,169
1989,0,Normal,0,Normal,0.10699424,-127,1,170
1990,1,Attack,1,Attack,0.5,-124,1,177
1991,0,Normal,0,Normal,0.19551814,-126,1,170
1992,0,Normal,0,Normal,0.19551814,-126,1,169
1993,0,Normal,1,Attack,0.80448192,-122,0,169
1994,1,Attack,1,Attack,1.0,-99,1,170
1995,1,Attack,1,Attack,0.80448192,-122,1,170
1996,1,Attack,1,Attack,0.99999928,-104,1,169
1997,0,Normal,0,Normal,0.10699424,-127,1,170
1998,1,Attack,1,Attack,0.99999928,-104,1,169
1999,0,Normal,0,Normal,0.10699424,-127,1,170
2000,0,Normal,1,Attack,0.5,-124,0,170
2001,1,Attack,1,Attack,1.0,127,1,169
2002,1,Attack,1,Attack,0.80448192,-122,1,170
2003,0,Normal,0,Normal,0.10699424,-127,1,169
2004,1,Attack,1,Attack,1.0,118,1,177
2005,1,Attack,1,Attack,1.0,-94,1,169
2006,1,Attack,1,Attack,0.5,-124,1,169
2007,1,Attack,1,Attack,0.99652326,-116,1,168
2008,1,Attack,1,Attack,0.99999928,-104,1,171
2009,0,Normal,0,Normal,0.10699424,-127,1,168
2010,0,Normal,0,Normal,0.10699424,-127,1,170
2011,1,Attack,0,Normal,0.33020177,-125,0,168
2012,0,Normal,0,Normal,0.19551814,-126,1,170
2013,0,Normal,0,Normal,0.33020177,-125,1,168
2014,1,Attack,1,Attack,0.99915278,-114,1,170
2015,0,Normal,1,Attack,0.66979825,-123,0,168
2016,1,Attack,1,Attack,0.94422776,-120,1,170
2017,1,Attack,1,Attack,0.99297273,-117,1,169
2018,0,Normal,1,Attack,0.89300579,-121,0,170
2019,1,Attack,1,Attack,1.0,-72,1,168
2020,0,Normal,1,Attack,0.9717049,-119,0,170
2021,1,Attack,1,Attack,0.99297273,-117,1,176
2022,0,Normal,0,Normal,0.10699424,-127,1,170
2023,1,Attack,1,Attack,1.0,-97,1,169
2024,0,Normal,1,Attack,0.9717049,-119,0,170
2025,1,Attack,1,Attack,1.0,-68,1,168
2026,0,Normal,1,Attack,0.66979825,-123,0,170
2027,0,Normal,0,Normal,0.19551814,-126,1,168
2028,0,Normal,0,Normal,0.33020177,-125,1,171
2029,0,Normal,0,Normal,0.10699424,-127,1,168
2030,0,Normal,1,Attack,0.66979825,-123,0,170
2031,1,Attack,1,Attack,0.89300579,-121,1,176
2032,1,Attack,1,Attack,1.0,118,1,171
2033,1,Attack,1,Attack,1.0,-92,1,169
2034,1,Attack,1,Attack,0.99652326,-116,1,170
2035,0,Normal,0,Normal,0.19551814,-126,1,169
2036,1,Attack,1,Attack,1.0,120,1,178
2037,1,Attack,1,Attack,0.9717049,-119,1,168
2038,1,Attack,1,Attack,1.0,-99,1,170
2039,0,Normal,1,Attack,0.89300579,-121,0,176
2040,1,Attack,1,Attack,1.0,116,1,171
2041,1,Attack,1,Attack,1.0,-90,1,168
2042,1,Attack,1,Attack,0.89300579,-121,1,171
2043,0,Normal,1,Attack,0.89300579,-121,0,168
2044,1,Attack,1,Attack,0.99999702,-106,1,179
2045,0,Normal,1,Attack,0.80448192,-122,0,177
2046,0,Normal,1,Attack,0.5,-124,0,170
2047,0,Normal,1,Attack,0.89300579,-121,0,169
2048,0,Normal,0,Normal,0.10699424,-127,1,179
2049,1,Attack,1,Attack,0.80448192,-122,1,176
2050,0,Normal,0,Normal,0.33020177,-125,1,170
2051,1,Attack,1,Attack,0.99915278,-114,1,168
2052,1,Attack,1,Attack,0.99999988,-102,1,178
2053,0,Normal,0,Normal,0.10699424,-127,1,168
2054,1,Attack,0,Normal,0.19551814,-126,0,171
2055,1,Attack,1,Attack,0.99652326,-116,1,176
2056,0,Normal,0,Normal,0.10699424,-127,1,179
2057,0,Normal,0,Normal,0.19551814,-126,1,169
2058,1,Attack,1,Attack,1.0,-99,1,170
2059,0,Normal,1,Attack,0.80448192,-122,0,176
2060,0,Normal,1,Attack,0.89300579,-121,0,170
2061,1,Attack,1,Attack,0.99999404,-107,1,168
2062,0,Normal,0,Normal,0.10699424,-127,1,178
2063,0,Normal,0,Normal,0.10699424,-127,1,169
2064,1,Attack,1,Attack,0.99915278,-114,1,170
2065,0,Normal,0,Normal,0.05577227,-128,1,176
2066,0,Normal,0,Normal,0.19551814,-126,1,179
2067,1,Attack,1,Attack,1.0,-90,1,176
2068,0,Normal,1,Attack,0.66979825,-123,0,171
2069,1,Attack,1,Attack,0.89300579,-121,1,176
2070,0,Normal,1,Attack,0.80448192,-122,0,171
2071,1,Attack,1,Attack,0.5,-124,1,168
2072,0,Normal,1,Attack,0.89300579,-121,0,171
2073,0,Normal,1,Attack,0.80448192,-122,0,168
2074,1,Attack,1,Attack,1.0,-92,1,170
2075,0,Normal,0,Normal,0.19551814,-126,1,168
2076,1,Attack,1,Attack,0.89300579,-121,1,178
2077,0,Normal,0,Normal,0.10699424,-127,1,168
2078,1,Attack,1,Attack,0.9717049,-119,1,171
2079,1,Attack,1,Attack,1.0,-100,1,168
2080,1,Attack,1,Attack,0.99828303,-115,1,170
2081,1,Attack,1,Attack,0.99979395,-112,1,169
2082,0,Normal,0,Normal,0.10699424,-127,1,171
2083,1,Attack,1,Attack,1.0,127,1,168
2084,1,Attack,1,Attack,0.99999988,-102,1,171
2085,1,Attack,1,Attack,1.0,-92,1,169
2086,0,Normal,0,Normal,0.05577227,-128,1,171
2087,1,Attack,0,Normal,0.19551814,-126,0,168
2088,0,Normal,1,Attack,0.5,-124,0,170
2089,1,Attack,1,Attack,0.99994993,-110,1,176
2090,1,Attack,0,Normal,0.10699424,-127,0,169
2091,1,Attack,1,Attack,0.98584783,-118,1,169
2092,1,Attack,1,Attack,1.0,118,1,177
2093,0,Normal,0,Normal,0.10699424,-127,1,169
2094,0,Normal,0,Normal,0.10699424,-127,1,169
2095,1,Attack,1,Attack,0.94422776,-120,1,170
2096,1,Attack,1,Attack,0.99999988,-101,1,169
2097,0,Normal,1,Attack,0.94422776,-120,0,177
2098,1,Attack,1,Attack,0.99997532,-109,1,170
2099,0,Normal,0,Normal,0.10699424,-127,1,169
2100,0,Normal,1,Attack,0.94422776,-120,0,170
2101,0,Normal,0,Normal,0.19551814,-126,1,170
2102,1,Attack,1,Attack,0.94422776,-120,1,177
2103,0,Normal,1,Attack,0.80448192,-122,0,168
2104,1,Attack,0,Normal,0.19551814,-126,0,179
2105,0,Normal,1,Attack,0.89300579,-121,0,168
2106,1,Attack,1,Attack,0.80448192,-122,1,170
2107,0,Normal,1,Attack,0.66979825,-123,0,168
2108,1,Attack,1,Attack,0.99915278,-114,1,171
2109,1,Attack,1,Attack,0.99999404,-107,1,176
2110,1,Attack,1,Attack,0.66979825,-123,1,171
2111,1,Attack,1,Attack,0.80448192,-122,1,176
2112,1,Attack,0,Normal,0.19551814,-126,0,171
2113,0,Normal,1,Attack,0.94422776,-120,0,168
2114,1,Attack,1,Attack,1.0,-88,1,171
2115,1,Attack,1,Attack,0.9717049,-119,1,168
2116,0,Normal,0,Normal,0.10699424,-127,1,171
2117,1,Attack,1,Attack,0.89300579,-121,1,168
2118,0,Normal,0,Normal,0.19551814,-126,1,170
2119,0,Normal,0,Normal,0.10699424,-127,1,176
2120,1,Attack,1,Attack,1.0,-98,1,170
2121,1,Attack,1,Attack,0.99915278,-114,1,168
2122,1,Attack,1,Attack,1.0,-94,1,171
2123,1,Attack,1,Attack,0.94422776,-120,1,168
2124,0,Normal,0,Normal,0.10699424,-127,1,171
2125,1,Attack,1,Attack,0.99297273,-117,1,168
2126,0,Normal,0,Normal,0.19551814,-126,1,170
2127,1,Attack,1,Attack,0.80448192,-122,1,176
2128,1,Attack,1,Attack,1.0,-96,1,170
2129,1,Attack,1,Attack,1.0,125,1,168
2130,0,Normal,1,Attack,0.5,-124,0,171
2131,1,Attack,1,Attack,0.89300579,-121,1,168
2132,0,Normal,0,Normal,0.10699424,-127,1,170
2133,1,Attack,1,Attack,0.80448192,-122,1,169
2134,0,Normal,0,Normal,0.10699424,-127,1,170
2135,0,Normal,0,Normal,0.10699424,-127,1,168
2136,1,Attack,1,Attack,1.0,118,1,171
2137,1,Attack,1,Attack,0.99998784,-108,1,169
2138,0,Normal,1,Attack,0.5,-124,0,170
2139,0,Normal,1,Attack,0.98584783,-118,0,168
2140,1,Attack,1,Attack,0.99828303,-115,1,171
2141,0,Normal,0,Normal,0.10699424,-127,1,168
2142,0,Normal,1,Attack,0.66979825,-123,0,171
2143,0,Normal,0,Normal,0.10699424,-127,1,168
2144,0,Normal,0,Normal,0.10699424,-127,1,170
2145,1,Attack,1,Attack,0.99999928,-104,1,168
2146,1,Attack,1,Attack,1.0,-94,1,171
2147,0,Normal,1,Attack,0.66979825,-123,0,169
2148,0,Normal,0,Normal,0.10699424,-127,1,170
2149,1,Attack,1,Attack,1.0,125,1,168
2150,0,Normal,1,Attack,0.80448192,-122,0,170
2151,1,Attack,1,Attack,1.0,-95,1,168
2152,1,Attack,1,Attack,0.99979395,-112,1,170
2153,1,Attack,1,Attack,1.0,-80,1,168
2154,1,Attack,1,Attack,0.80448192,-122,1,171
2155,0,Normal,0,Normal,0.10699424,-127,1,176
2156,1,Attack,1,Attack,0.94422776,-120,1,170
2157,1,Attack,1,Attack,0.94422776,-120,1,168
2158,0,Normal,0,Normal,0.10699424,-127,1,170
2159,0,Normal,1,Attack,0.66979825,-123,0,168
2160,1,Attack,1,Attack,1.0,-86,1,171
2161,1,Attack,1,Attack,0.80448192,-122,1,175
2162,0,Normal,0,Normal,0.10699424,-127,1,170
2163,0,Normal,1,Attack,0.99652326,-116,0,169
2164,1,Attack,1,Attack,0.94422776,-120,1,170
2165,1,Attack,1,Attack,0.99994993,-110,1,169
2166,1,Attack,1,Attack,1.0,-100,1,169
2167,1,Attack,1,Attack,0.80448192,-122,1,169
2168,1,Attack,1,Attack,0.99999988,-102,1,169
2169,1,Attack,1,Attack,0.89300579,-121,1,169
2170,0,Normal,1,Attack,0.89300579,-121,0,170
2171,0,Normal,1,Attack,0.80448192,-122,0,169
2172,0,Normal,1,Attack,0.80448192,-122,0,169
2173,0,Normal,1,Attack,0.94422776,-120,0,170
2174,1,Attack,1,Attack,0.89300579,-121,1,169
2175,1,Attack,0,Normal,0.19551814,-126,0,169
2176,0,Normal,0,Normal,0.10699424,-127,1,169
2177,1,Attack,1,Attack,0.94422776,-120,1,169
2178,1,Attack,1,Attack,0.99297273,-117,1,169
2179,1,Attack,1,Attack,0.89300579,-121,1,169
2180,1,Attack,1,Attack,0.94422776,-120,1,170
2181,1,Attack,1,Attack,1.0,-99,1,177
2182,0,Normal,0,Normal,0.10699424,-127,1,170
2183,0,Normal,1,Attack,0.80448192,-122,0,178
2184,1,Attack,1,Attack,0.99652326,-116,1,169
2185,1,Attack,1,Attack,0.99297273,-117,1,176
2186,0,Normal,1,Attack,0.80448192,-122,0,169
2187,0,Normal,1,Attack,0.98584783,-118,0,177
2188,1,Attack,0,Normal,0.19551814,-126,0,169
2189,1,Attack,1,Attack,0.99999702,-106,1,170
2190,0,Normal,1,Attack,0.66979825,-123,0,170
2191,0,Normal,1,Attack,0.5,-124,0,177
2192,1,Attack,1,Attack,0.80448192,-122,1,176
2193,0,Normal,1,Attack,0.66979825,-123,0,170
2194,1,Attack,1,Attack,0.5,-124,1,169
2195,0,Normal,0,Normal,0.10699424,-127,1,169
2196,1,Attack,0,Normal,0.33020177,-125,0,169
2197,1,Attack,1,Attack,0.99828303,-115,1,177
2198,0,Normal,0,Normal,0.10699424,-127,1,169
2199,0,Normal,1,Attack,0.66979825,-123,0,178
2200,1,Attack,1,Attack,0.99999964,-103,1,170
2201,0,Normal,0,Normal,0.19551814,-126,1,169
2202,0,Normal,1,Attack,0.89300579,-121,0,169
2203,0,Normal,0,Normal,0.10699424,-127,1,170
2204,1,Attack,1,Attack,0.99999988,-102,1,178
2205,0,Normal,0,Normal,0.33020177,-125,1,170
2206,0,Normal,0,Normal,0.10699424,-127,1,177
2207,0,Normal,0,Normal,0.19551814,-126,1,169
2208,1,Attack,1,Attack,0.98584783,-118,1,177
2209,1,Attack,1,Attack,0.80448192,-122,1,170
2210,0,Normal,0,Normal,0.19551814,-126,1,169
2211,0,Normal,1,Attack,0.98584783,-118,0,169
2212,0,Normal,1,Attack,0.89300579,-121,0,170
2213,1,Attack,1,Attack,0.99979395,-112,1,177
2214,0,Normal,0,Normal,0.10699424,-127,1,169
2215,1,Attack,1,Attack,0.99999964,-103,1,170
2216,1,Attack,1,Attack,1.0,-98,1,170
2217,0,Normal,0,Normal,0.19551814,-126,1,169
2218,0,Normal,0,Normal,0.10699424,-127,1,177
2219,1,Attack,1,Attack,0.99958211,-113,1,169
2220,0,Normal,0,Normal,0.19551814,-126,1,169
2221,1,Attack,1,Attack,1.0,117,1,169
2222,1,Attack,0,Normal,0.10699424,-127,0,178
2223,1,Attack,1,Attack,0.80448192,-122,1,169
2224,0,Normal,0,Normal,0.19551814,-126,1,170
2225,0,Normal,0,Normal,0.10699424,-127,1,176
2226,0,Normal,1,Attack,0.80448192,-122,0,170
2227,0,Normal,0,Normal,0.19551814,-126,1,170
2228,1,Attack,1,Attack,0.94422776,-120,1,170
2229,1,Attack,1,Attack,0.99994993,-110,1,169
2230,0,Normal,0,Normal,0.05577227,-128,1,169
2231,1,Attack,1,Attack,1.0,-93,1,169
2232,1,Attack,1,Attack,0.99828303,-115,1,170
2233,0,Normal,0,Normal,0.33020177,-125,1,169
2234,0,Normal,0,Normal,0.10699424,-127,1,169
2235,0,Normal,1,Attack,0.5,-124,0,169
2236,1,Attack,1,Attack,0.94422776,-120,1,169
2237,1,Attack,1,Attack,0.99999964,-103,1,169
2238,0,Normal,1,Attack,0.5,-124,0,169
2239,0,Normal,1,Attack,0.94422776,-120,0,169
2240,0,Normal,0,Normal,0.10699424,-127,1,169
2241,0,Normal,0,Normal,0.33020177,-125,1,169
2242,1,Attack,1,Attack,1.0,-94,1,170
2243,0,Normal,0,Normal,0.10699424,-127,1,169
2244,0,Normal,0,Normal,0.19551814,-126,1,170
2245,1,Attack,1,Attack,0.98584783,-118,1,169
2246,1,Attack,1,Attack,0.99652326,-116,1,170
2247,0,Normal,1,Attack,0.89300579,-121,0,169
2248,1,Attack,1,Attack,0.99297273,-117,1,170
2249,0,Normal,1,Attack,0.66979825,-123,0,169
2250,1,Attack,1,Attack,0.89300579,-121,1,169
2251,0,Normal,1,Attack,0.66979825,-123,0,169
2252,1,Attack,1,Attack,0.99999964,-103,1,170
2253,0,Normal,0,Normal,0.33020177,-125,1,177
2254,0,Normal,0,Normal,0.10699424,-127,1,170
2255,1,Attack,1,Attack,0.89300579,-121,1,168
2256,1,Attack,1,Attack,0.80448192,-122,1,178
2257,1,Attack,1,Attack,0.89300579,-121,1,168
2258,1,Attack,1,Attack,0.80448192,-122,1,179
2259,0,Normal,1,Attack,0.94422776,-120,0,168
2260,0,Normal,1,Attack,0.89300579,-121,0,170
2261,1,Attack,1,Attack,0.80448192,-122,1,168
2262,1,Attack,1,Attack,1.0,-90,1,177
2263,1,Attack,1,Attack,1.0,-97,1,168
2264,1,Attack,1,Attack,0.98584783,-118,1,178
2265,0,Normal,0,Normal,0.10699424,-127,1,169
2266,0,Normal,0,Normal,0.10699424,-127,1,171
2267,0,Normal,0,Normal,0.33020177,-125,1,168
2268,0,Normal,0,Normal,0.33020177,-125,1,170
2269,0,Normal,1,Attack,0.80448192,-122,0,168
2270,0,Normal,0,Normal,0.10699424,-127,1,170
2271,0,Normal,0,Normal,0.19551814,-126,1,168
2272,0,Normal,1,Attack,0.80448192,-122,0,170
2273,1,Attack,1,Attack,1.0,-99,1,168
2274,1,Attack,1,Attack,0.99999404,-107,1,178
2275,1,Attack,1,Attack,0.98584783,-118,1,168
2276,1,Attack,1,Attack,0.89300579,-121,1,171
2277,1,Attack,1,Attack,0.99979395,-112,1,176
2278,0,Normal,1,Attack,0.66979825,-123,0,171
2279,0,Normal,0,Normal,0.10699424,-127,1,175
2280,1,Attack,1,Attack,0.99998784,-108,1,177
2281,1,Attack,1,Attack,1.0,117,1,169
2282,0,Normal,0,Normal,0.33020177,-125,1,169
2283,1,Attack,1,Attack,0.89300579,-121,1,169
2284,1,Attack,1,Attack,0.89300579,-121,1,177
2285,0,Normal,0,Normal,0.33020177,-125,1,169
2286,0,Normal,0,Normal,0.10699424,-127,1,169
2287,0,Normal,1,Attack,0.94422776,-120,0,177
2288,0,Normal,0,Normal,0.10699424,-127,1,169
2289,1,Attack,1,Attack,1.0,-97,1,169
2290,1,Attack,1,Attack,0.98584783,-118,1,169
2291,1,Attack,1,Attack,1.0,-81,1,169
2292,1,Attack,1,Attack,0.98584783,-118,1,177
2293,1,Attack,1,Attack,0.99999964,-103,1,170
2294,1,Attack,1,Attack,0.80448192,-122,1,169
2295,0,Normal,1,Attack,0.89300579,-121,0,177
2296,0,Normal,1,Attack,0.5,-124,0,169
2297,0,Normal,1,Attack,0.80448192,-122,0,169
2298,1,Attack,1,Attack,1.0,-84,1,170
2299,1,Attack,0,Normal,0.19551814,-126,0,170
2300,1,Attack,1,Attack,0.99828303,-115,1,170
2301,1,Attack,1,Attack,0.99999988,-102,1,169
2302,1,Attack,1,Attack,0.99999702,-106,1,170
2303,0,Normal,0,Normal,0.10699424,-127,1,170
2304,1,Attack,1,Attack,0.99997532,-109,1,169
2305,1,Attack,1,Attack,1.0,-84,1,169
2306,1,Attack,1,Attack,1.0,-97,1,169
2307,1,Attack,1,Attack,0.99958211,-113,1,178
2308,0,Normal,0,Normal,0.10699424,-127,1,169
2309,1,Attack,1,Attack,0.89300579,-121,1,170
2310,1,Attack,1,Attack,0.99999964,-103,1,177
2311,0,Normal,1,Attack,0.89300579,-121,0,178
2312,0,Normal,0,Normal,0.10699424,-127,1,169
2313,0,Normal,1,Attack,0.5,-124,0,170
2314,1,Attack,1,Attack,0.99999857,-105,1,170
2315,1,Attack,1,Attack,0.99297273,-117,1,170
2316,1,Attack,0,Normal,0.10699424,-127,0,177
2317,0,Normal,1,Attack,0.80448192,-122,0,178
2318,1,Attack,1,Attack,0.9717049,-119,1,177
2319,0,Normal,1,Attack,0.80448192,-122,0,169
2320,1,Attack,1,Attack,0.99999702,-106,1,169
2321,0,Normal,0,Normal,0.10699424,-127,1,170
2322,0,Normal,1,Attack,0.80448192,-122,0,169
2323,1,Attack,1,Attack,1.0,-96,1,169
2324,0,Normal,1,Attack,0.80448192,-122,0,170
2325,0,Normal,1,Attack,0.98584783,-118,0,176
2326,0,Normal,1,Attack,0.94422776,-120,0,170
2327,1,Attack,1,Attack,0.80448192,-122,1,168
2328,0,Normal,0,Normal,0.10699424,-127,1,177
2329,0,Normal,1,Attack,0.94422776,-120,0,168
2330,0,Normal,1,Attack,0.99297273,-117,0,171
2331,1,Attack,1,Attack,0.5,-124,1,168
2332,0,Normal,1,Attack,0.66979825,-123,0,178
2333,0,Normal,0,Normal,0.33020177,-125,1,168
2334,1,Attack,0,Normal,0.10699424,-127,0,170
2335,0,Normal,0,Normal,0.19551814,-126,1,168
2336,0,Normal,0,Normal,0.19551814,-126,1,170
2337,1,Attack,1,Attack,0.98584783,-118,1,169
2338,0,Normal,0,Normal,0.10699424,-127,1,178
2339,1,Attack,1,Attack,1.0,126,1,168
2340,0,Normal,1,Attack,0.89300579,-121,0,170
2341,1,Attack,1,Attack,0.5,-124,1,168
2342,1,Attack,1,Attack,0.99999857,-105,1,178
2343,1,Attack,1,Attack,0.99999702,-106,1,168
2344,0,Normal,1,Attack,0.80448192,-122,0,170
2345,1,Attack,1,Attack,1.0,-83,1,168
2346,1,Attack,1,Attack,0.94422776,-120,1,170
2347,0,Normal,1,Attack,0.89300579,-121,0,168
2348,1,Attack,1,Attack,1.0,-98,1,171
2349,0,Normal,0,Normal,0.10699424,-127,1,169
2350,0,Normal,1,Attack,0.89300579,-121,0,179
2351,0,Normal,0,Normal,0.19551814,-126,1,176
2352,1,Attack,1,Attack,1.0,-77,1,170
2353,0,Normal,0,Normal,0.10699424,-127,1,169
2354,0,Normal,0,Normal,0.10699424,-127,1,169
2355,1,Attack,1,Attack,0.89300579,-121,1,170
2356,0,Normal,1,Attack,0.5,-124,0,169
2357,1,Attack,0,Normal,0.10699424,-127,0,169
2358,1,Attack,1,Attack,1.0,127,1,169
2359,0,Normal,0,Normal,0.10699424,-127,1,178
2360,0,Normal,1,Attack,0.89300579,-121,0,169
2361,0,Normal,1,Attack,0.80448192,-122,0,170
2362,0,Normal,0,Normal,0.19551814,-126,1,169
2363,0,Normal,0,Normal,0.33020177,-125,1,177
2364,1,Attack,1,Attack,0.80448192,-122,1,169
2365,0,Normal,0,Normal,0.10699424,-127,1,177
2366,0,Normal,0,Normal,0.19551814,-126,1,169
2367,1,Attack,1,Attack,0.89300579,-121,1,169
2368,0,Normal,0,Normal,0.05577227,-128,1,169
2369,0,Normal,0,Normal,0.19551814,-126,1,169
2370,1,Attack,1,Attack,0.99652326,-116,1,169
2371,0,Normal,0,Normal,0.05577227,-128,1,169
2372,0,Normal,0,Normal,0.10699424,-127,1,169
2373,1,Attack,1,Attack,0.99994993,-110,1,169
2374,1,Attack,1,Attack,0.80448192,-122,1,169
2375,0,Normal,1,Attack,0.66979825,-123,0,169
2376,0,Normal,0,Normal,0.10699424,-127,1,178
2377,1,Attack,0,Normal,0.10699424,-127,0,169
2378,1,Attack,1,Attack,0.80448192,-122,1,169
2379,0,Normal,0,Normal,0.19551814,-126,1,177
2380,1,Attack,1,Attack,1.0,123,1,169
2381,0,Normal,0,Normal,0.33020177,-125,1,169
2382,0,Normal,0,Normal,0.19551814,-126,1,170
2383,0,Normal,1,Attack,0.66979825,-123,0,169
2384,0,Normal,1,Attack,0.66979825,-123,0,177
2385,0,Normal,0,Normal,0.19551814,-126,1,169
2386,0,Normal,0,Normal,0.10699424,-127,1,169
2387,1,Attack,1,Attack,0.99999964,-103,1,170
2388,0,Normal,0,Normal,0.10699424,-127,1,169
2389,1,Attack,1,Attack,1.0,118,1,168
2390,0,Normal,0,Normal,0.33020177,-125,1,179
2391,1,Attack,1,Attack,1.0,-57,1,168
2392,0,Normal,0,Normal,0.19551814,-126,1,171
2393,0,Normal,0,Normal,0.05577227,-128,1,176
2394,1,Attack,1,Attack,0.94422776,-120,1,170
2395,0,Normal,1,Attack,0.89300579,-121,0,169
2396,0,Normal,0,Normal,0.10699424,-127,1,170
2397,0,Normal,0,Normal,0.10699424,-127,1,176
2398,0,Normal,0,Normal,0.33020177,-125,1,171
2399,0,Normal,1,Attack,0.98584783,-118,0,168
2400,1,Attack,0,Normal,0.33020177,-125,0,170
2401,0,Normal,0,Normal,0.10699424,-127,1,168
2402,0,Normal,1,Attack,0.66979825,-123,0,170
2403,0,Normal,0,Normal,0.10699424,-127,1,176
2404,1,Attack,1,Attack,0.99997532,-109,1,170
2405,0,Normal,0,Normal,0.10699424,-127,1,176
2406,0,Normal,0,Normal,0.10699424,-127,1,170
2407,1,Attack,1,Attack,0.89300579,-121,1,168
2408,0,Normal,0,Normal,0.10699424,-127,1,179
2409,1,Attack,1,Attack,0.9717049,-119,1,168
2410,1,Attack,1,Attack,1.0,-84,1,179
2411,1,Attack,1,Attack,0.94422776,-120,1,168
2412,0,Normal,0,Normal,0.10699424,-127,1,177
2413,1,Attack,1,Attack,1.0,-84,1,168
2414,1,Attack,1,Attack,0.99652326,-116,1,170
2415,0,Normal,1,Attack,0.66979825,-123,0,168
2416,0,Normal,0,Normal,0.05577227,-128,1,171
2417,1,Attack,1,Attack,0.94422776,-120,1,168
2418,1,Attack,1,Attack,0.89300579,-121,1,171
2419,0,Normal,0,Normal,0.10699424,-127,1,168
2420,1,Attack,1,Attack,0.94422776,-120,1,171
2421,1,Attack,1,Attack,0.89300579,-121,1,169
2422,1,Attack,1,Attack,1.0,-87,1,171
2423,0,Normal,0,Normal,0.10699424,-127,1,176
2424,1,Attack,1,Attack,0.99958211,-113,1,171
2425,1,Attack,1,Attack,0.80448192,-122,1,168
2426,1,Attack,1,Attack,0.99999988,-101,1,170
2427,1,Attack,1,Attack,1.0,119,1,168
2428,0,Normal,0,Normal,0.10699424,-127,1,178
2429,0,Normal,0,Normal,0.19551814,-126,1,169
2430,1,Attack,1,Attack,1.0,-73,1,171
2431,1,Attack,1,Attack,1.0,-98,1,168
2432,1,Attack,1,Attack,0.80448192,-122,1,178
2433,0,Normal,0,Normal,0.10699424,-127,1,168
2434,0,Normal,1,Attack,0.89300579,-121,0,170
2435,0,Normal,0,Normal,0.19551814,-126,1,168
2436,0,Normal,0,Normal,0.10699424,-127,1,170
2437,0,Normal,1,Attack,0.66979825,-123,0,168
2438,0,Normal,0,Normal,0.33020177,-125,1,170
2439,1,Attack,1,Attack,0.89300579,-121,1,176
2440,0,Normal,0,Normal,0.33020177,-125,1,171
2441,0,Normal,0,Normal,0.19551814,-126,1,169
2442,0,Normal,1,Attack,0.80448192,-122,0,171
2443,1,Attack,1,Attack,0.99828303,-115,1,168
2444,1,Attack,1,Attack,0.9717049,-119,1,170
2445,1,Attack,1,Attack,0.66979825,-123,1,168
2446,0,Normal,0,Normal,0.05577227,-128,1,169
2447,0,Normal,0,Normal,0.05577227,-128,1,170
2448,1,Attack,1,Attack,0.99994993,-110,1,169
2449,1,Attack,1,Attack,1.0,-99,1,169
2450,1,Attack,1,Attack,0.98584783,-118,1,169
2451,1,Attack,1,Attack,0.99999988,-102,1,170
2452,1,Attack,1,Attack,0.98584783,-118,1,169
2453,1,Attack,1,Attack,0.66979825,-123,1,177
2454,1,Attack,1,Attack,0.99828303,-115,1,170
2455,0,Normal,1,Attack,0.89300579,-121,0,169
2456,1,Attack,1,Attack,0.89300579,-121,1,169
2457,1,Attack,1,Attack,0.80448192,-122,1,169
2458,1,Attack,1,Attack,0.5,-124,1,170
2459,1,Attack,1,Attack,0.99999702,-106,1,169
2460,1,Attack,1,Attack,0.80448192,-122,1,170
2461,0,Normal,1,Attack,0.80448192,-122,0,170
2462,1,Attack,1,Attack,1.0,127,1,170
2463,1,Attack,1,Attack,0.99999702,-106,1,169
2464,0,Normal,0,Normal,0.10699424,-127,1,178
2465,1,Attack,1,Attack,0.99998784,-108,1,169
2466,1,Attack,1,Attack,0.99958211,-113,1,170
2467,0,Normal,0,Normal,0.19551814,-126,1,169
2468,0,Normal,0,Normal,0.10699424,-127,1,169
2469,1,Attack,1,Attack,0.99828303,-115,1,169
2470,0,Normal,0,Normal,0.33020177,-125,1,169
2471,1,Attack,1,Attack,0.89300579,-121,1,169
2472,0,Normal,0,Normal,0.19551814,-126,1,170
2473,1,Attack,1,Attack,1.0,-100,1,170
2474,0,Normal,0,Normal,0.10699424,-127,1,178
2475,1,Attack,1,Attack,1.0,-93,1,170
2476,1,Attack,1,Attack,0.89300579,-121,1,170
2477,0,Normal,1,Attack,0.5,-124,0,169
2478,1,Attack,1,Attack,0.99828303,-115,1,169
2479,1,Attack,1,Attack,0.80448192,-122,1,169
2480,0,Normal,1,Attack,0.80448192,-122,0,169
2481,1,Attack,1,Attack,1.0,-95,1,169
2482,0,Normal,0,Normal,0.10699424,-127,1,169
2483,0,Normal,0,Normal,0.33020177,-125,1,170
2484,1,Attack,1,Attack,0.99989843,-111,1,169
2485,1,Attack,1,Attack,0.99828303,-115,1,169
2486,0,Normal,0,Normal,0.19551814,-126,1,170
2487,0,Normal,0,Normal,0.10699424,-127,1,170
2488,1,Attack,1,Attack,0.99652326,-116,1,169
2489,0,Normal,1,Attack,0.80448192,-122,0,170
2490,1,Attack,1,Attack,0.99958211,-113,1,169
2491,0,Normal,1,Attack,0.80448192,-122,0,169
2492,0,Normal,0,Normal,0.10699424,-127,1,169
2493,0,Normal,1,Attack,0.89300579,-121,0,177
2494,0,Normal,0,Normal,0.10699424,-127,1,170
2495,1,Attack,1,Attack,0.89300579,-121,1,169
2496,0,Normal,1,Attack,0.94422776,-120,0,169
2497,0,Normal,0,Normal,0.10699424,-127,1,169
2498,0,Normal,1,Attack,0.9717049,-119,0,170
2499,0,Normal,1,Attack,0.89300579,-121,0,169
2500,0,Normal,0,Normal,0.10699424,-127,1,177
2501,0,Normal,0,Normal,0.33020177,-125,1,170
2502,1,Attack,1,Attack,0.99958211,-113,1,170
2503,0,Normal,0,Normal,0.33020177,-125,1,169
2504,0,Normal,0,Normal,0.10699424,-127,1,170
2505,0,Normal,0,Normal,0.10699424,-127,1,170
2506,0,Normal,0,Normal,0.10699424,-127,1,169
2507,1,Attack,1,Attack,0.99999988,-102,1,169
2508,1,Attack,1,Attack,0.66979825,-123,1,169
2509,0,Normal,1,Attack,0.99989843,-111,0,169
2510,0,Normal,0,Normal,0.05577227,-128,1,170
2511,0,Normal,1,Attack,0.89300579,-121,0,177
2512,0,Normal,1,Attack,0.94422776,-120,0,169
2513,1,Attack,1,Attack,1.0,-97,1,170
2514,0,Normal,0,Normal,0.10699424,-127,1,169
2515,0,Normal,1,Attack,0.89300579,-121,0,169
2516,0,Normal,1,Attack,0.80448192,-122,0,170
2517,1,Attack,1,Attack,0.89300579,-121,1,169
2518,1,Attack,1,Attack,1.0,118,1,177
2519,1,Attack,1,Attack,0.99999404,-107,1,170
2520,1,Attack,1,Attack,1.0,-98,1,170
2521,0,Normal,0,Normal,0.10699424,-127,1,170
2522,0,Normal,0,Normal,0.19551814,-126,1,170
2523,1,Attack,1,Attack,0.99915278,-114,1,177
2524,1,Attack,1,Attack,0.99979395,-112,1,169
2525,1,Attack,1,Attack,0.99297273,-117,1,169
2526,1,Attack,1,Attack,0.94422776,-120,1,169
2527,0,Normal,1,Attack,0.80448192,-122,0,177
2528,1,Attack,1,Attack,1.0,-96,1,170
2529,0,Normal,0,Normal,0.19551814,-126,1,169
2530,0,Normal,1,Attack,0.80448192,-122,0,169
2531,0,Normal,1,Attack,0.80448192,-122,0,170
2532,1,Attack,1,Attack,0.9717049,-119,1,169
2533,1,Attack,0,Normal,0.05577227,-128,0,170
2534,1,Attack,1,Attack,0.99297273,-117,1,169
2535,0,Normal,1,Attack,0.66979825,-123,0,170
2536,0,Normal,1,Attack,0.80448192,-122,0,178
2537,0,Normal,1,Attack,0.94422776,-120,0,169
2538,0,Normal,0,Normal,0.19551814,-126,1,170
2539,1,Attack,1,Attack,1.0,-95,1,168
2540,0,Normal,0,Normal,0.19551814,-126,1,178
2541,0,Normal,0,Normal,0.33020177,-125,1,168
2542,1,Attack,1,Attack,0.80448192,-122,1,170
2543,1,Attack,1,Attack,1.0,-98,1,169
2544,0,Normal,0,Normal,0.10699424,-127,1,179
2545,0,Normal,1,Attack,0.66979825,-123,0,168
2546,1,Attack,1,Attack,0.89300579,-121,1,171
2547,0,Normal,0,Normal,0.33020177,-125,1,168
2548,1,Attack,1,Attack,0.80448192,-122,1,170
2549,0,Normal,1,Attack,0.89300579,-121,0,168
2550,0,Normal,1,Attack,0.89300579,-121,0,170
2551,1,Attack,1,Attack,0.99999702,-106,1,176
2552,1,Attack,1,Attack,1.0,-85,1,170
2553,0,Normal,1,Attack,0.5,-124,0,168
2554,1,Attack,1,Attack,0.80448192,-122,1,170
2555,0,Normal,0,Normal,0.10699424,-127,1,168
2556,1,Attack,0,Normal,0.10699424,-127,0,171
2557,0,Normal,1,Attack,0.80448192,-122,0,176
2558,1,Attack,1,Attack,0.5,-124,1,171
2559,1,Attack,1,Attack,0.80448192,-122,1,168
2560,1,Attack,1,Attack,1.0,-100,1,171
2561,0,Normal,0,Normal,0.33020177,-125,1,168
2562,1,Attack,1,Attack,0.99828303,-115,1,171
2563,0,Normal,1,Attack,0.66979825,-123,0,176
2564,1,Attack,1,Attack,0.98584783,-118,1,170
2565,0,Normal,0,Normal,0.10699424,-127,1,176
2566,0,Normal,0,Normal,0.10699424,-127,1,170
2567,0,Normal,1,Attack,0.80448192,-122,0,176
2568,0,Normal,1,Attack,0.89300579,-121,0,170
2569,1,Attack,1,Attack,0.98584783,-118,1,175
2570,0,Normal,1,Attack,0.66979825,-123,0,170
2571,0,Normal,0,Normal,0.10699424,-127,1,168
2572,0,Normal,0,Normal,0.33020177,-125,1,171
2573,0,Normal,1,Attack,0.80448192,-122,0,168
2574,1,Attack,1,Attack,1.0,-87,1,171
2575,1,Attack,1,Attack,1.0,127,1,168
2576,0,Normal,1,Attack,0.89300579,-121,0,178
2577,1,Attack,1,Attack,0.99828303,-115,1,168
2578,0,Normal,0,Normal,0.10699424,-127,1,171
2579,0,Normal,1,Attack,0.5,-124,0,168
2580,1,Attack,1,Attack,1.0,-99,1,171
2581,1,Attack,0,Normal,0.10699424,-127,0,168
2582,1,Attack,1,Attack,0.80448192,-122,1,170
2583,1,Attack,1,Attack,0.80448192,-122,1,168
2584,1,Attack,1,Attack,1.0,127,1,170
2585,0,Normal,0,Normal,0.19551814,-126,1,168
2586,1,Attack,1,Attack,0.99297273,-117,1,170
2587,0,Normal,0,Normal,0.10699424,-127,1,168
2588,0,Normal,0,Normal,0.19551814,-126,1,170
2589,1,Attack,1,Attack,0.80448192,-122,1,168
2590,1,Attack,1,Attack,0.9717049,-119,1,170
2591,1,Attack,1,Attack,0.99999404,-107,1,169
2592,0,Normal,0,Normal,0.19551814,-126,1,169
2593,0,Normal,0,Normal,0.10699424,-127,1,169
2594,1,Attack,1,Attack,0.89300579,-121,1,169
2595,1,Attack,1,Attack,0.89300579,-121,1,177
2596,1,Attack,1,Attack,1.0,-90,1,177
2597,1,Attack,1,Attack,1.0,-97,1,169
2598,1,Attack,1,Attack,1.0,-100,1,170
2599,1,Attack,1,Attack,1.0,-78,1,170
2600,0,Normal,0,Normal,0.33020177,-125,1,177
2601,0,Normal,0,Normal,0.05577227,-128,1,170
2602,0,Normal,0,Normal,0.19551814,-126,1,169
2603,0,Normal,0,Normal,0.10699424,-127,1,169
2604,0,Normal,0,Normal,0.19551814,-126,1,169
2605,0,Normal,1,Attack,0.66979825,-123,0,170
2606,0,Normal,1,Attack,0.80448192,-122,0,170
2607,0,Normal,1,Attack,0.94422776,-120,0,169
2608,0,Normal,0,Normal,0.10699424,-127,1,170
2609,0,Normal,1,Attack,0.80448192,-122,0,168
2610,1,Attack,1,Attack,1.0,-98,1,170
2611,0,Normal,1,Attack,0.89300579,-121,0,176
2612,0,Normal,0,Normal,0.10699424,-127,1,170
2613,1,Attack,1,Attack,1.0,-91,1,169
2614,0,Normal,1,Attack,0.89300579,-121,0,171
2615,1,Attack,1,Attack,0.99297273,-117,1,176
2616,0,Normal,1,Attack,0.66979825,-123,0,170
2617,1,Attack,1,Attack,1.0,125,1,168
2618,1,Attack,1,Attack,0.98584783,-118,1,170
2619,0,Normal,1,Attack,0.80448192,-122,0,169
2620,1,Attack,1,Attack,0.99958211,-113,1,177
2621,0,Normal,0,Normal,0.33020177,-125,1,170
2622,0,Normal,0,Normal,0.10699424,-127,1,169
2623,1,Attack,1,Attack,0.99652326,-116,1,169
2624,1,Attack,1,Attack,0.99958211,-113,1,169
2625,0,Normal,1,Attack,0.66979825,-123,0,169
2626,0,Normal,0,Normal,0.10699424,-127,1,169
2627,1,Attack,1,Attack,0.99828303,-115,1,170
2628,1,Attack,1,Attack,1.0,-97,1,177
2629,0,Normal,0,Normal,0.10699424,-127,1,169
2630,0,Normal,0,Normal,0.33020177,-125,1,169
2631,1,Attack,1,Attack,0.99828303,-115,1,177
2632,1,Attack,1,Attack,0.66979825,-123,1,169
2633,1,Attack,1,Attack,0.80448192,-122,1,177
2634,0,Normal,0,Normal,0.19551814,-126,1,169
2635,0,Normal,0,Normal,0.10699424,-127,1,170
2636,1,Attack,1,Attack,1.0,-87,1,169
2637,0,Normal,1,Attack,0.80448192,-122,0,170
2638,1,Attack,1,Attack,0.99999988,-102,1,177
2639,0,Normal,1,Attack,0.89300579,-121,0,170
2640,0,Normal,0,Normal,0.10699424,-127,1,177
2641,1,Attack,1,Attack,0.80448192,-122,1,170
2642,0,Normal,0,Normal,0.10699424,-127,1,177
2643,0,Normal,1,Attack,0.5,-124,0,170
2644,0,Normal,0,Normal,0.10699424,-127,1,169
2645,1,Attack,1,Attack,1.0,-92,1,170
2646,1,Attack,1,Attack,0.99989843,-111,1,170
2647,0,Normal,0,Normal,0.05577227,-128,1,169
2648,1,Attack,1,Attack,1.0,-82,1,169
2649,1,Attack,1,Attack,0.66979825,-123,1,168
2650,1,Attack,1,Attack,0.94422776,-120,1,178
2651,1,Attack,1,Attack,0.99297273,-117,1,168
2652,1,Attack,1,Attack,0.99297273,-117,1,171
2653,1,Attack,1,Attack,1.0,-78,1,175
2654,0,Normal,1,Attack,0.5,-124,0,171
2655,0,Normal,1,Attack,0.89300579,-121,0,176
2656,0,Normal,0,Normal,0.33020177,-125,1,171
2657,0,Normal,0,Normal,0.19551814,-126,1,176
2658,0,Normal,0,Normal,0.10699424,-127,1,171
2659,1,Attack,1,Attack,0.89300579,-121,1,168
2660,1,Attack,1,Attack,0.9717049,-119,1,170
2661,1,Attack,1,Attack,0.94422776,-120,1,176
2662,1,Attack,1,Attack,0.98584783,-118,1,170
2663,1,Attack,1,Attack,0.99828303,-115,1,168
2664,1,Attack,0,Normal,0.10699424,-127,0,179
2665,0,Normal,1,Attack,0.80448192,-122,0,168
2666,0,Normal,0,Normal,0.10699424,-127,1,171
2667,1,Attack,1,Attack,0.99979395,-112,1,168
2668,1,Attack,1,Attack,0.99958211,-113,1,171
2669,0,Normal,0,Normal,0.33020177,-125,1,176
2670,0,Normal,1,Attack,0.80448192,-122,0,171
2671,0,Normal,0,Normal,0.10699424,-127,1,169
2672,0,Normal,0,Normal,0.33020177,-125,1,171
2673,0,Normal,0,Normal,0.19551814,-126,1,169
2674,1,Attack,1,Attack,1.0,-100,1,179
2675,1,Attack,1,Attack,0.80448192,-122,1,168
2676,0,Normal,1,Attack,0.89300579,-121,0,171
2677,0,Normal,1,Attack,0.89300579,-121,0,169
2678,1,Attack,1,Attack,0.98584783,-118,1,171
2679,0,Normal,1,Attack,0.80448192,-122,0,168
2680,1,Attack,1,Attack,1.0,127,1,171
2681,1,Attack,1,Attack,0.99999857,-105,1,168
2682,1,Attack,1,Attack,0.98584783,-118,1,169
2683,0,Normal,0,Normal,0.10699424,-127,1,177
2684,1,Attack,1,Attack,1.0,126,1,169
2685,1,Attack,1,Attack,1.0,-99,1,169
2686,1,Attack,1,Attack,0.99999988,-102,1,169
2687,1,Attack,1,Attack,1.0,-79,1,170
2688,0,Normal,0,Normal,0.33020177,-125,1,170
2689,0,Normal,1,Attack,0.89300579,-121,0,170
2690,0,Normal,1,Attack,0.66979825,-123,0,169
2691,1,Attack,1,Attack,1.0,-98,1,169
2692,1,Attack,1,Attack,0.99958211,-113,1,170
2693,0,Normal,0,Normal,0.10699424,-127,1,169
2694,1,Attack,1,Attack,0.94422776,-120,1,170
2695,1,Attack,0,Normal,0.10699424,-127,0,169
2696,1,Attack,1,Attack,0.99999857,-105,1,170
2697,0,Normal,0,Normal,0.19551814,-126,1,169
2698,1,Attack,1,Attack,0.99652326,-116,1,178
2699,1,Attack,1,Attack,0.89300579,-121,1,176
2700,1,Attack,1,Attack,1.0,-99,1,170
2701,0,Normal,1,Attack,0.94422776,-120,0,168
2702,0,Normal,0,Normal,0.10699424,-127,1,170
2703,0,Normal,1,Attack,0.89300579,-121,0,168
2704,0,Normal,0,Normal,0.19551814,-126,1,171
2705,1,Attack,1,Attack,0.99828303,-115,1,175
2706,1,Attack,1,Attack,0.99989843,-111,1,170
2707,0,Normal,0,Normal,0.19551814,-126,1,168
2708,0,Normal,1,Attack,0.9717049,-119,0,179
2709,1,Attack,1,Attack,1.0,-81,1,168
2710,0,Normal,0,Normal,0.10699424,-127,1,170
2711,0,Normal,1,Attack,0.89300579,-121,0,168
2712,0,Normal,1,Attack,0.80448192,-122,0,171
2713,0,Normal,1,Attack,0.80448192,-122,0,168
2714,0,Normal,0,Normal,0.10699424,-127,1,179
2715,1,Attack,1,Attack,0.99652326,-116,1,168
2716,1,Attack,1,Attack,0.99828303,-115,1,171
2717,1,Attack,1,Attack,0.99999404,-107,1,168
2718,0,Normal,1,Attack,0.5,-124,0,179
2719,0,Normal,0,Normal,0.10699424,-127,1,168
2720,0,Normal,1,Attack,0.66979825,-123,0,179
2721,0,Normal,1,Attack,0.5,-124,0,168
2722,0,Normal,0,Normal,0.10699424,-127,1,170
2723,1,Attack,1,Attack,0.80448192,-122,1,176
2724,1,Attack,1,Attack,0.99828303,-115,1,170
2725,0,Normal,1,Attack,0.66979825,-123,0,168
2726,1,Attack,1,Attack,0.99958211,-113,1,178
2727,0,Normal,0,Normal,0.10699424,-127,1,169
2728,0,Normal,1,Attack,0.94422776,-120,0,177
2729,1,Attack,1,Attack,0.89300579,-121,1,168
2730,1,Attack,1,Attack,0.99999404,-107,1,170
2731,1,Attack,1,Attack,0.99915278,-114,1,168
2732,1,Attack,1,Attack,0.99997532,-109,1,171
2733,1,Attack,1,Attack,0.89300579,-121,1,168
2734,0,Normal,0,Normal,0.19551814,-126,1,171
2735,0,Normal,0,Normal,0.19551814,-126,1,168
2736,1,Attack,1,Attack,0.89300579,-121,1,171
2737,1,Attack,1,Attack,0.89300579,-121,1,168
2738,1,Attack,1,Attack,0.99958211,-113,1,170
2739,0,Normal,0,Normal,0.10699424,-127,1,169
2740,1,Attack,1,Attack,1.0,-100,1,170
2741,1,Attack,1,Attack,0.89300579,-121,1,176
2742,1,Attack,1,Attack,0.99652326,-116,1,171
2743,0,Normal,0,Normal,0.10699424,-127,1,168
2744,1,Attack,1,Attack,0.99828303,-115,1,171
2745,0,Normal,0,Normal,0.10699424,-127,1,168
2746,0,Normal,1,Attack,0.89300579,-121,0,170
2747,0,Normal,1,Attack,0.89300579,-121,0,176
2748,0,Normal,1,Attack,0.66979825,-123,0,171
2749,1,Attack,1,Attack,0.99915278,-114,1,176
2750,0,Normal,0,Normal,0.05577227,-128,1,170
2751,0,Normal,1,Attack,0.66979825,-123,0,176
2752,1,Attack,1,Attack,0.94422776,-120,1,170
2753,1,Attack,0,Normal,0.33020177,-125,0,176
2754,0,Normal,0,Normal,0.10699424,-127,1,171
2755,1,Attack,1,Attack,0.99297273,-117,1,168
2756,0,Normal,0,Normal,0.10699424,-127,1,170
2757,1,Attack,1,Attack,1.0,-91,1,168
2758,0,Normal,0,Normal,0.10699424,-127,1,170
2759,0,Normal,1,Attack,0.80448192,-122,0,176
2760,0,Normal,0,Normal,0.10699424,-127,1,170
2761,0,Normal,0,Normal,0.19551814,-126,1,168
2762,0,Normal,1,Attack,0.89300579,-121,0,171
2763,0,Normal,1,Attack,0.89300579,-121,0,168
2764,1,Attack,1,Attack,0.99652326,-116,1,170
2765,1,Attack,1,Attack,0.99297273,-117,1,168
2766,0,Normal,0,Normal,0.10699424,-127,1,170
2767,0,Normal,0,Normal,0.19551814,-126,1,168
2768,0,Normal,1,Attack,0.80448192,-122,0,171
2769,1,Attack,1,Attack,0.98584783,-118,1,168
2770,0,Normal,1,Attack,0.5,-124,0,178
2771,1,Attack,1,Attack,1.0,-76,1,169
2772,0,Normal,0,Normal,0.10699424,-127,1,177
2773,1,Attack,1,Attack,1.0,125,1,168
2774,1,Attack,1,Attack,0.99915278,-114,1,170
2775,1,Attack,1,Attack,0.89300579,-121,1,168
2776,1,Attack,1,Attack,0.89300579,-121,1,178
2777,1,Attack,1,Attack,0.99652326,-116,1,168
2778,0,Normal,1,Attack,0.9717049,-119,0,171
2779,1,Attack,1,Attack,1.0,-97,1,168
2780,0,Normal,1,Attack,0.66979825,-123,0,171
2781,1,Attack,1,Attack,1.0,119,1,176
2782,1,Attack,1,Attack,0.89300579,-121,1,177
2783,0,Normal,0,Normal,0.19551814,-126,1,169
2784,0,Normal,0,Normal,0.10699424,-127,1,169
2785,1,Attack,1,Attack,0.80448192,-122,1,170
2786,0,Normal,1,Attack,0.9717049,-119,0,169
2787,0,Normal,0,Normal,0.05577227,-128,1,169
2788,1,Attack,1,Attack,1.0,-62,1,178
2789,1,Attack,1,Attack,0.80448192,-122,1,169
2790,0,Normal,1,Attack,0.66979825,-123,0,169
2791,0,Normal,1,Attack,0.89300579,-121,0,177
2792,1,Attack,1,Attack,0.9717049,-119,1,169
2793,1,Attack,1,Attack,0.80448192,-122,1,170
2794,0,Normal,0,Normal,0.19551814,-126,1,169
2795,1,Attack,1,Attack,0.99999702,-106,1,169
2796,0,Normal,0,Normal,0.33020177,-125,1,170
2797,1,Attack,1,Attack,1.0,127,1,169
2798,0,Normal,0,Normal,0.10699424,-127,1,169
2799,1,Attack,1,Attack,0.99828303,-115,1,169
2800,1,Attack,1,Attack,0.99999988,-102,1,169
2801,0,Normal,0,Normal,0.33020177,-125,1,169
2802,0,Normal,1,Attack,0.5,-124,0,169
2803,0,Normal,0,Normal,0.10699424,-127,1,169
2804,1,Attack,1,Attack,0.94422776,-120,1,169
2805,1,Attack,1,Attack,1.0,-79,1,168
2806,0,Normal,1,Attack,0.80448192,-122,0,170
2807,0,Normal,0,Normal,0.33020177,-125,1,177
2808,1,Attack,1,Attack,1.0,-95,1,170
2809,0,Normal,0,Normal,0.19551814,-126,1,169
2810,1,Attack,1,Attack,0.89300579,-121,1,171
2811,0,Normal,0,Normal,0.33020177,-125,1,176
2812,1,Attack,1,Attack,0.98584783,-118,1,171
2813,1,Attack,1,Attack,1.0,117,1,168
2814,1,Attack,1,Attack,0.99828303,-115,1,171
2815,1,Attack,1,Attack,0.99652326,-116,1,176
2816,0,Normal,0,Normal,0.33020177,-125,1,170
2817,1,Attack,0,Normal,0.33020177,-125,0,168
2818,1,Attack,1,Attack,0.80448192,-122,1,171
2819,1,Attack,1,Attack,0.99297273,-117,1,168
2820,0,Normal,0,Normal,0.10699424,-127,1,170
2821,0,Normal,0,Normal,0.33020177,-125,1,168
2822,0,Normal,0,Normal,0.10699424,-127,1,171
2823,1,Attack,1,Attack,0.99989843,-111,1,168
2824,1,Attack,1,Attack,0.98584783,-118,1,171
2825,0,Normal,0,Normal,0.33020177,-125,1,168
2826,1,Attack,1,Attack,0.99999702,-106,1,170
2827,0,Normal,1,Attack,0.89300579,-121,0,175
2828,0,Normal,0,Normal,0.19551814,-126,1,171
2829,1,Attack,0,Normal,0.10699424,-127,0,176
2830,1,Attack,1,Attack,0.99999928,-104,1,170
2831,0,Normal,0,Normal,0.10699424,-127,1,168
2832,1,Attack,1,Attack,0.99828303,-115,1,170
2833,1,Attack,1,Attack,0.99998784,-108,1,176
2834,1,Attack,1,Attack,0.9717049,-119,1,177
2835,0,Normal,0,Normal,0.10699424,-127,1,168
2836,0,Normal,0,Normal,0.33020177,-125,1,170
2837,1,Attack,1,Attack,0.80448192,-122,1,168
2838,1,Attack,1,Attack,1.0,-100,1,170
2839,0,Normal,0,Normal,0.10699424,-127,1,168
2840,1,Attack,1,Attack,0.94422776,-120,1,171
2841,0,Normal,1,Attack,0.80448192,-122,0,168
2842,1,Attack,1,Attack,0.80448192,-122,1,170
2843,0,Normal,0,Normal,0.10699424,-127,1,168
2844,0,Normal,0,Normal,0.05577227,-128,1,171
2845,0,Normal,1,Attack,0.89300579,-121,0,176
2846,0,Normal,1,Attack,0.80448192,-122,0,178
2847,0,Normal,1,Attack,0.5,-124,0,168
2848,0,Normal,0,Normal,0.33020177,-125,1,179
2849,0,Normal,0,Normal,0.33020177,-125,1,169
2850,0,Normal,1,Attack,0.89300579,-121,0,170
2851,0,Normal,0,Normal,0.10699424,-127,1,168
2852,1,Attack,1,Attack,1.0,127,1,170
2853,1,Attack,1,Attack,0.99915278,-114,1,177
2854,0,Normal,1,Attack,0.89300579,-121,0,171
2855,0,Normal,0,Normal,0.19551814,-126,1,168
2856,0,Normal,0,Normal,0.10699424,-127,1,178
2857,1,Attack,1,Attack,0.99828303,-115,1,168
2858,1,Attack,1,Attack,0.98584783,-118,1,171
2859,0,Normal,0,Normal,0.10699424,-127,1,169
2860,1,Attack,1,Attack,1.0,-89,1,171
2861,0,Normal,0,Normal,0.19551814,-126,1,168
2862,0,Normal,1,Attack,0.98584783,-118,0,171
2863,1,Attack,1,Attack,0.99997532,-109,1,168
2864,0,Normal,0,Normal,0.10699424,-127,1,178
2865,1,Attack,1,Attack,1.0,121,1,168
2866,1,Attack,1,Attack,0.99297273,-117,1,170
2867,0,Normal,0,Normal,0.19551814,-126,1,168
2868,1,Attack,1,Attack,1.0,-93,1,179
2869,1,Attack,1,Attack,0.98584783,-118,1,168
2870,0,Normal,0,Normal,0.10699424,-127,1,170
2871,1,Attack,1,Attack,0.99297273,-117,1,168
2872,1,Attack,1,Attack,0.99999988,-101,1,177
2873,1,Attack,1,Attack,0.99297273,-117,1,170
2874,1,Attack,1,Attack,0.80448192,-122,1,169
2875,1,Attack,1,Attack,0.80448192,-122,1,169
2876,0,Normal,0,Normal,0.33020177,-125,1,169
2877,0,Normal,1,Attack,0.66979825,-123,0,169
2878,1,Attack,1,Attack,0.98584783,-118,1,170
2879,0,Normal,0,Normal,0.10699424,-127,1,169
2880,1,Attack,1,Attack,1.0,-99,1,169
2881,1,Attack,1,Attack,1.0,127,1,169
2882,1,Attack,1,Attack,1.0,-83,1,169
2883,1,Attack,1,Attack,0.99998784,-108,1,169
2884,1,Attack,1,Attack,0.99652326,-116,1,169
2885,1,Attack,1,Attack,1.0,-90,1,170
2886,0,Normal,0,Normal,0.10699424,-127,1,178
2887,1,Attack,1,Attack,0.99999928,-104,1,169
2888,1,Attack,0,Normal,0.05577227,-128,0,178
2889,1,Attack,1,Attack,0.99297273,-117,1,169
2890,0,Normal,0,Normal,0.10699424,-127,1,170
2891,0,Normal,1,Attack,0.5,-124,0,169
2892,1,Attack,1,Attack,0.89300579,-121,1,177
2893,1,Attack,1,Attack,0.89300579,-121,1,170
2894,1,Attack,1,Attack,0.94422776,-120,1,169
2895,0,Normal,0,Normal,0.10699424,-127,1,169
2896,1,Attack,1,Attack,0.89300579,-121,1,176
2897,0,Normal,0,Normal,0.10699424,-127,1,170
2898,0,Normal,1,Attack,0.80448192,-122,0,177
2899,1,Attack,1,Attack,1.0,121,1,170
2900,0,Normal,1,Attack,0.5,-124,0,169
2901,1,Attack,1,Attack,0.99297273,-117,1,169
2902,1,Attack,1,Attack,1.0,123,1,169
2903,0,Normal,1,Attack,0.80448192,-122,0,169
2904,0,Normal,0,Normal,0.19551814,-126,1,170
2905,0,Normal,1,Attack,0.89300579,-121,0,169
2906,1,Attack,1,Attack,0.66979825,-123,1,169
2907,0,Normal,0,Normal,0.10699424,-127,1,170
2908,1,Attack,1,Attack,1.0,-64,1,169
2909,1,Attack,1,Attack,1.0,-85,1,169
2910,0,Normal,1,Attack,0.89300579,-121,0,170
2911,1,Attack,1,Attack,1.0,-98,1,169
2912,0,Normal,1,Attack,0.94422776,-120,0,170
2913,0,Normal,1,Attack,0.89300579,-121,0,169
2914,1,Attack,1,Attack,0.99999988,-101,1,170
2915,0,Normal,0,Normal,0.10699424,-127,1,178
2916,1,Attack,1,Attack,1.0,124,1,169
2917,1,Attack,1,Attack,0.9717049,-119,1,169
2918,0,Normal,1,Attack,0.66979825,-123,0,177
2919,1,Attack,1,Attack,0.89300579,-121,1,169
2920,0,Normal,0,Normal,0.10699424,-127,1,169
2921,0,Normal,0,Normal,0.19551814,-126,1,170
2922,0,Normal,1,Attack,0.66979825,-123,0,169
2923,1,Attack,1,Attack,1.0,-69,1,177
2924,0,Normal,0,Normal,0.10699424,-127,1,170
2925,1,Attack,1,Attack,1.0,116,1,168
2926,0,Normal,1,Attack,0.80448192,-122,0,170
2927,1,Attack,0,Normal,0.19551814,-126,0,176
2928,1,Attack,0,Normal,0.33020177,-125,0,171
2929,0,Normal,1,Attack,0.5,-124,0,168
2930,0,Normal,0,Normal,0.10699424,-127,1,179
2931,1,Attack,1,Attack,0.94422776,-120,1,168
2932,1,Attack,1,Attack,0.80448192,-122,1,171
2933,0,Normal,0,Normal,0.10699424,-127,1,168
2934,1,Attack,1,Attack,0.89300579,-121,1,170
2935,1,Attack,1,Attack,1.0,120,1,169
2936,0,Normal,1,Attack,0.66979825,-123,0,170
2937,0,Normal,0,Normal,0.19551814,-126,1,168
2938,1,Attack,1,Attack,0.99999702,-106,1,170
2939,1,Attack,1,Attack,0.80448192,-122,1,168
2940,0,Normal,0,Normal,0.33020177,-125,1,171
2941,1,Attack,1,Attack,1.0,-99,1,176
2942,1,Attack,1,Attack,0.89300579,-121,1,171
2943,1,Attack,1,Attack,0.89300579,-121,1,168
2944,0,Normal,1,Attack,0.5,-124,0,170
2945,1,Attack,1,Attack,0.98584783,-118,1,168
2946,0,Normal,0,Normal,0.10699424,-127,1,179
2947,0,Normal,1,Attack,0.5,-124,0,169
2948,0,Normal,0,Normal,0.10699424,-127,1,170
2949,0,Normal,1,Attack,0.89300579,-121,0,168
2950,0,Normal,1,Attack,0.89300579,-121,0,178
2951,1,Attack,1,Attack,0.99297273,-117,1,168
2952,1,Attack,1,Attack,0.94422776,-120,1,170
2953,1,Attack,1,Attack,0.99652326,-116,1,168
2954,0,Normal,0,Normal,0.10699424,-127,1,170
2955,0,Normal,0,Normal,0.19551814,-126,1,168
2956,0,Normal,1,Attack,0.5,-124,0,170
2957,0,Normal,0,Normal,0.10699424,-127,1,168
2958,1,Attack,1,Attack,0.9717049,-119,1,178
2959,1,Attack,1,Attack,0.99828303,-115,1,168
2960,1,Attack,1,Attack,0.94422776,-120,1,171
2961,1,Attack,1,Attack,0.99999928,-104,1,176
2962,1,Attack,1,Attack,0.99998784,-108,1,170
2963,1,Attack,1,Attack,1.0,-89,1,175
2964,0,Normal,0,Normal,0.19551814,-126,1,171
2965,0,Normal,1,Attack,0.66979825,-123,0,168
2966,0,Normal,0,Normal,0.10699424,-127,1,179
2967,1,Attack,1,Attack,0.94422776,-120,1,168
2968,0,Normal,1,Attack,0.80448192,-122,0,178
2969,1,Attack,1,Attack,0.80448192,-122,1,168
2970,0,Normal,0,Normal,0.19551814,-126,1,170
2971,0,Normal,0,Normal,0.19551814,-126,1,176
2972,1,Attack,1,Attack,0.99915278,-114,1,178
2973,1,Attack,1,Attack,0.98584783,-118,1,168
2974,1,Attack,1,Attack,0.99999702,-106,1,178
2975,1,Attack,1,Attack,0.99652326,-116,1,169
2976,0,Normal,0,Normal,0.05577227,-128,1,169
2977,0,Normal,1,Attack,0.80448192,-122,0,169
2978,1,Attack,1,Attack,0.80448192,-122,1,176
2979,1,Attack,1,Attack,0.99998784,-108,1,170
2980,1,Attack,1,Attack,0.80448192,-122,1,170
2981,0,Normal,1,Attack,0.80448192,-122,0,169
2982,1,Attack,1,Attack,1.0,-89,1,169
2983,1,Attack,1,Attack,0.80448192,-122,1,169
2984,0,Normal,0,Normal,0.19551814,-126,1,176
2985,1,Attack,1,Attack,1.0,-67,1,169
2986,1,Attack,1,Attack,0.99652326,-116,1,169
2987,0,Normal,1,Attack,0.66979825,-123,0,169
2988,0,Normal,1,Attack,0.80448192,-122,0,169
2989,0,Normal,1,Attack,0.66979825,-123,0,169
2990,0,Normal,1,Attack,0.80448192,-122,0,169
2991,0,Normal,0,Normal,0.05577227,-128,1,177
2992,0,Normal,0,Normal,0.33020177,-125,1,176
2993,1,Attack,1,Attack,0.99999988,-102,1,169
2994,0,Normal,0,Normal,0.19551814,-126,1,170
2995,1,Attack,1,Attack,1.0,-100,1,170
2996,0,Normal,0,Normal,0.19551814,-126,1,169
2997,0,Normal,1,Attack,0.98584783,-118,0,169
2998,0,Normal,0,Normal,0.10699424,-127,1,170
2999,1,Attack,1,Attack,1.0,127,1,177
3000,1,Attack,1,Attack,0.89300579,-121,1,177
3001,1,Attack,1,Attack,1.0,-98,1,169
3002,0,Normal,1,Attack,0.5,-124,0,169
3003,1,Attack,1,Attack,1.0,127,1,177
3004,0,Normal,1,Attack,0.89300579,-121,0,169
3005,0,Normal,1,Attack,0.80448192,-122,0,169
3006,1,Attack,1,Attack,1.0,121,1,169
3007,0,Normal,0,Normal,0.10699424,-127,1,169
3008,1,Attack,1,Attack,0.99999988,-101,1,169
3009,1,Attack,1,Attack,1.0,-94,1,170
3010,1,Attack,1,Attack,0.89300579,-121,1,169
3011,0,Normal,1,Attack,0.94422776,-120,0,169
3012,0,Normal,0,Normal,0.19551814,-126,1,178
3013,1,Attack,1,Attack,1.0,121,1,169
3014,0,Normal,0,Normal,0.33020177,-125,1,169
3015,0,Normal,0,Normal,0.10699424,-127,1,170
3016,1,Attack,1,Attack,0.99652326,-116,1,170
3017,1,Attack,1,Attack,0.99297273,-117,1,170
3018,1,Attack,0,Normal,0.33020177,-125,0,169
3019,0,Normal,0,Normal,0.19551814,-126,1,169
3020,1,Attack,1,Attack,0.99998784,-108,1,169
3021,0,Normal,0,Normal,0.05577227,-128,1,177
3022,0,Normal,0,Normal,0.05577227,-128,1,169
3023,0,Normal,0,Normal,0.33020177,-125,1,169
3024,0,Normal,0,Normal,0.19551814,-126,1,170
3025,0,Normal,0,Normal,0.19551814,-126,1,169
3026,1,Attack,1,Attack,1.0,-92,1,169
3027,0,Normal,1,Attack,0.80448192,-122,0,169
3028,1,Attack,1,Attack,0.99915278,-114,1,177
3029,0,Normal,0,Normal,0.10699424,-127,1,169
3030,0,Normal,1,Attack,0.80448192,-122,0,169
3031,1,Attack,1,Attack,0.66979825,-123,1,169
3032,0,Normal,1,Attack,0.99297273,-117,0,169
3033,0,Normal,1,Attack,0.66979825,-123,0,170
3034,1,Attack,1,Attack,0.99998784,-108,1,169
3035,1,Attack,1,Attack,0.99999404,-107,1,170
3036,1,Attack,1,Attack,0.99999928,-104,1,169
3037,0,Normal,0,Normal,0.10699424,-127,1,170
3038,0,Normal,0,Normal,0.10699424,-127,1,170
3039,0,Normal,0,Normal,0.10699424,-127,1,176
3040,0,Normal,0,Normal,0.10699424,-127,1,171
3041,0,Normal,1,Attack,0.5,-124,0,168
3042,0,Normal,0,Normal,0.10699424,-127,1,171
3043,1,Attack,1,Attack,0.80448192,-122,1,169
3044,0,Normal,1,Attack,0.80448192,-122,0,170
3045,1,Attack,1,Attack,0.99915278,-114,1,168
3046,1,Attack,0,Normal,0.10699424,-127,0,179
3047,0,Normal,0,Normal,0.10699424,-127,1,176
3048,0,Normal,1,Attack,0.66979825,-123,0,171
3049,1,Attack,1,Attack,1.0,-99,1,168
3050,0,Normal,0,Normal,0.19551814,-126,1,178
3051,1,Attack,1,Attack,0.99828303,-115,1,168
3052,0,Normal,0,Normal,0.19551814,-126,1,170
3053,0,Normal,0,Normal,0.05577227,-128,1,168
3054,0,Normal,0,Normal,0.33020177,-125,1,170
3055,0,Normal,0,Normal,0.19551814,-126,1,168
3056,1,Attack,1,Attack,0.99297273,-117,1,178
3057,0,Normal,1,Attack,0.89300579,-121,0,168
3058,1,Attack,1,Attack,0.99999857,-105,1,170
3059,1,Attack,1,Attack,1.0,-80,1,168
3060,1,Attack,1,Attack,0.99828303,-115,1,171
3061,0,Normal,0,Normal,0.19551814,-126,1,168
3062,1,Attack,1,Attack,1.0,-87,1,171
3063,0,Normal,0,Normal,0.10699424,-127,1,168
3064,1,Attack,1,Attack,0.99998784,-108,1,170
3065,1,Attack,1,Attack,0.89300579,-121,1,168
3066,0,Normal,1,Attack,0.5,-124,0,171
3067,0,Normal,1,Attack,0.89300579,-121,0,168
3068,1,Attack,1,Attack,1.0,118,1,171
3069,1,Attack,1,Attack,0.99999988,-102,1,168
3070,1,Attack,1,Attack,1.0,113,1,171
3071,1,Attack,1,Attack,0.99999964,-103,1,168
3072,0,Normal,1,Attack,0.89300579,-121,0,171
3073,1,Attack,1,Attack,0.94422776,-120,1,169
3074,1,Attack,1,Attack,1.0,-81,1,171
3075,0,Normal,0,Normal,0.10699424,-127,1,176
3076,1,Attack,1,Attack,1.0,-89,1,171
3077,0,Normal,0,Normal,0.19551814,-126,1,169
3078,0,Normal,1,Attack,0.80448192,-122,0,171
3079,1,Attack,1,Attack,1.0,-95,1,168
3080,1,Attack,1,Attack,0.99994993,-110,1,170
3081,0,Normal,0,Normal,0.10699424,-127,1,168
3082,1,Attack,1,Attack,0.99297273,-117,1,170
3083,0,Normal,0,Normal,0.33020177,-125,1,168
3084,1,Attack,1,Attack,0.94422776,-120,1,170
3085,1,Attack,1,Attack,0.99297273,-117,1,168
3086,0,Normal,1,Attack,0.80448192,-122,0,171
3087,0,Normal,0,Normal,0.10699424,-127,1,168
3088,1,Attack,1,Attack,0.99915278,-114,1,171
3089,0,Normal,0,Normal,0.10699424,-127,1,176
3090,0,Normal,0,Normal,0.19551814,-126,1,170
3091,1,Attack,1,Attack,0.99999964,-103,1,176
3092,1,Attack,1,Attack,0.80448192,-122,1,170
3093,1,Attack,1,Attack,0.99999404,-107,1,168
3094,0,Normal,1,Attack,0.5,-124,0,171
3095,1,Attack,1,Attack,0.99297273,-117,1,169
3096,0,Normal,1,Attack,0.89300579,-121,0,178
3097,1,Attack,0,Normal,0.33020177,-125,0,176
3098,0,Normal,1,Attack,0.89300579,-121,0,170
3099,1,Attack,1,Attack,0.99999988,-101,1,176
3100,0,Normal,0,Normal,0.33020177,-125,1,170
3101,0,Normal,0,Normal,0.19551814,-126,1,168
3102,1,Attack,1,Attack,1.0,-100,1,170
3103,0,Normal,0,Normal,0.10699424,-127,1,169
3104,0,Normal,1,Attack,0.98584783,-118,0,179
3105,1,Attack,1,Attack,0.89300579,-121,1,169
3106,1,Attack,1,Attack,1.0,-84,1,179
3107,0,Normal,0,Normal,0.10699424,-127,1,169
3108,1,Attack,1,Attack,0.66979825,-123,1,171
3109,1,Attack,1,Attack,0.89300579,-121,1,168
3110,1,Attack,1,Attack,1.0,127,1,179
3111,0,Normal,0,Normal,0.10699424,-127,1,168
3112,1,Attack,1,Attack,0.80448192,-122,1,171
3113,1,Attack,1,Attack,0.94422776,-120,1,168
3114,1,Attack,1,Attack,0.89300579,-121,1,170
3115,1,Attack,1,Attack,1.0,-99,1,168
3116,0,Normal,0,Normal,0.10699424,-127,1,170
3117,1,Attack,0,Normal,0.19551814,-126,0,169
3118,0,Normal,0,Normal,0.10699424,-127,1,171
3119,1,Attack,1,Attack,0.99958211,-113,1,168
3120,0,Normal,0,Normal,0.10699424,-127,1,178
3121,1,Attack,1,Attack,0.80448192,-122,1,168
3122,0,Normal,0,Normal,0.33020177,-125,1,178
3123,1,Attack,1,Attack,0.99958211,-113,1,168
3124,1,Attack,1,Attack,0.99958211,-113,1,171
3125,1,Attack,1,Attack,1.0,-70,1,176
3126,0,Normal,1,Attack,0.66979825,-123,0,170
3127,0,Normal,0,Normal,0.10699424,-127,1,168
3128,0,Normal,0,Normal,0.10699424,-127,1,171
3129,1,Attack,1,Attack,0.99999702,-106,1,176
3130,0,Normal,1,Attack,0.89300579,-121,0,171
3131,1,Attack,1,Attack,0.99999964,-103,1,168
3132,1,Attack,1,Attack,0.89300579,-121,1,171
3133,0,Normal,1,Attack,0.89300579,-121,0,168
3134,0,Normal,0,Normal,0.05577227,-128,1,171
3135,1,Attack,0,Normal,0.10699424,-127,0,168
3136,0,Normal,0,Normal,0.10699424,-127,1,170
3137,0,Normal,0,Normal,0.05577227,-128,1,168
3138,0,Normal,1,Attack,0.5,-124,0,171
3139,1,Attack,0,Normal,0.10699424,-127,0,168
3140,1,Attack,1,Attack,0.80448192,-122,1,179
3141,1,Attack,1,Attack,0.9717049,-119,1,168
3142,0,Normal,1,Attack,0.89300579,-121,0,171
3143,1,Attack,1,Attack,1.0,-85,1,168
3144,1,Attack,1,Attack,0.80448192,-122,1,178
3145,0,Normal,0,Normal,0.10699424,-127,1,168
3146,0,Normal,1,Attack,0.94422776,-120,0,171
3147,1,Attack,1,Attack,0.94422776,-120,1,168
3148,1,Attack,1,Attack,0.80448192,-122,1,170
3149,1,Attack,1,Attack,0.66979825,-123,1,168
3150,1,Attack,1,Attack,0.99828303,-115,1,170
3151,0,Normal,0,Normal,0.10699424,-127,1,168
3152,0,Normal,0,Normal,0.19551814,-126,1,179
3153,1,Attack,1,Attack,0.99297273,-117,1,168
3154,0,Normal,0,Normal,0.19551814,-126,1,170
3155,1,Attack,1,Attack,0.99297273,-117,1,176
3156,0,Normal,0,Normal,0.19551814,-126,1,170
3157,0,Normal,0,Normal,0.33020177,-125,1,168
3158,0,Normal,0,Normal,0.19551814,-126,1,171
3159,1,Attack,1,Attack,0.94422776,-120,1,168
3160,1,Attack,1,Attack,0.99652326,-116,1,170
3161,1,Attack,1,Attack,1.0,-97,1,168
3162,0,Normal,1,Attack,0.89300579,-121,0,170
3163,0,Normal,1,Attack,0.80448192,-122,0,168
3164,1,Attack,1,Attack,1.0,119,1,171
3165,0,Normal,0,Normal,0.10699424,-127,1,168
3166,0,Normal,1,Attack,0.80448192,-122,0,171
3167,1,Attack,1,Attack,1.0,-96,1,168
3168,0,Normal,0,Normal,0.10699424,-127,1,171
3169,0,Normal,0,Normal,0.05577227,-128,1,168
3170,0,Normal,1,Attack,0.89300579,-121,0,178
3171,0,Normal,0,Normal,0.05577227,-128,1,168
3172,0,Normal,0,Normal,0.05577227,-128,1,170
3173,1,Attack,1,Attack,0.99958211,-113,1,176
3174,0,Normal,1,Attack,0.5,-124,0,170
3175,1,Attack,1,Attack,0.66979825,-123,1,168
3176,0,Normal,1,Attack,0.80448192,-122,0,169
3177,0,Normal,0,Normal,0.05577227,-128,1,170
3178,0,Normal,0,Normal,0.05577227,-128,1,170
3179,1,Attack,1,Attack,0.89300579,-121,1,169
3180,0,Normal,1,Attack,0.66979825,-123,0,169
3181,1,Attack,1,Attack,1.0,-89,1,170
3182,1,Attack,1,Attack,1.0,117,1,169
3183,0,Normal,0,Normal,0.10699424,-127,1,170
3184,1,Attack,1,Attack,1.0,124,1,170
3185,0,Normal,1,Attack,0.80448192,-122,0,170
3186,1,Attack,1,Attack,0.80448192,-122,1,169
3187,0,Normal,1,Attack,0.66979825,-123,0,170
3188,0,Normal,0,Normal,0.33020177,-125,1,169
3189,0,Normal,0,Normal,0.19551814,-126,1,169
3190,1,Attack,1,Attack,0.80448192,-122,1,169
3191,0,Normal,1,Attack,0.66979825,-123,0,169
3192,1,Attack,1,Attack,1.0,-100,1,170
3193,1,Attack,1,Attack,1.0,-85,1,169
3194,0,Normal,1,Attack,0.94422776,-120,0,169
3195,1,Attack,1,Attack,0.89300579,-121,1,168
3196,1,Attack,1,Attack,0.99297273,-117,1,178
3197,1,Attack,1,Attack,1.0,126,1,169
3198,0,Normal,1,Attack,0.89300579,-121,0,171
3199,1,Attack,1,Attack,0.98584783,-118,1,169
3200,1,Attack,1,Attack,0.99999404,-107,1,171
3201,0,Normal,0,Normal,0.33020177,-125,1,168
3202,0,Normal,1,Attack,0.89300579,-121,0,170
3203,1,Attack,1,Attack,1.0,117,1,168
3204,0,Normal,0,Normal,0.33020177,-125,1,171
3205,1,Attack,1,Attack,0.99828303,-115,1,169
3206,1,Attack,0,Normal,0.19551814,-126,0,170
3207,0,Normal,0,Normal,0.10699424,-127,1,169
3208,0,Normal,1,Attack,0.80448192,-122,0,171
3209,0,Normal,1,Attack,0.99652326,-116,0,169
3210,1,Attack,1,Attack,0.98584783,-118,1,171
3211,1,Attack,1,Attack,1.0,-99,1,168
3212,0,Normal,0,Normal,0.19551814,-126,1,170
3213,1,Attack,1,Attack,0.99828303,-115,1,168
3214,0,Normal,0,Normal,0.19551814,-126,1,170
3215,0,Normal,0,Normal,0.10699424,-127,1,168
3216,1,Attack,1,Attack,0.99999404,-107,1,178
3217,0,Normal,1,Attack,0.99652326,-116,0,176
3218,1,Attack,1,Attack,0.9717049,-119,1,171
3219,1,Attack,1,Attack,0.99999988,-101,1,168
3220,1,Attack,1,Attack,0.99999964,-103,1,171
3221,0,Normal,0,Normal,0.10699424,-127,1,168
3222,0,Normal,0,Normal,0.10699424,-127,1,170
3223,1,Attack,1,Attack,1.0,-98,1,168
3224,1,Attack,0,Normal,0.10699424,-127,0,171
3225,1,Attack,1,Attack,0.99999988,-101,1,169
3226,0,Normal,0,Normal,0.10699424,-127,1,170
3227,1,Attack,0,Normal,0.10699424,-127,0,177
3228,0,Normal,0,Normal,0.19551814,-126,1,171
3229,0,Normal,0,Normal,0.19551814,-126,1,169
3230,0,Normal,1,Attack,0.80448192,-122,0,170
3231,1,Attack,1,Attack,1.0,127,1,176
3232,0,Normal,1,Attack,0.66979825,-123,0,171
3233,0,Normal,1,Attack,0.89300579,-121,0,168
3234,0,Normal,1,Attack,0.5,-124,0,171
3235,1,Attack,1,Attack,0.99999988,-102,1,168
3236,0,Normal,0,Normal,0.19551814,-126,1,171
3237,0,Normal,0,Normal,0.10699424,-127,1,169
3238,1,Attack,1,Attack,1.0,-90,1,179
3239,0,Normal,0,Normal,0.05577227,-128,1,169
3240,1,Attack,1,Attack,0.89300579,-121,1,171
3241,1,Attack,0,Normal,0.10699424,-127,0,176
3242,1,Attack,1,Attack,0.99998784,-108,1,170
3243,0,Normal,1,Attack,0.94422776,-120,0,168
3244,0,Normal,0,Normal,0.05577227,-128,1,170
3245,0,Normal,1,Attack,0.80448192,-122,0,168
3246,0,Normal,0,Normal,0.10699424,-127,1,170
3247,1,Attack,1,Attack,1.0,-98,1,176
3248,0,Normal,1,Attack,0.80448192,-122,0,171
3249,1,Attack,1,Attack,0.99297273,-117,1,168
3250,0,Normal,0,Normal,0.19551814,-126,1,170
3251,1,Attack,1,Attack,1.0,127,1,168
3252,0,Normal,0,Normal,0.10699424,-127,1,170
3253,1,Attack,1,Attack,0.94422776,-120,1,169
3254,1,Attack,1,Attack,0.99999928,-104,1,171
3255,0,Normal,0,Normal,0.19551814,-126,1,169
3256,0,Normal,1,Attack,0.5,-124,0,171
3257,1,Attack,1,Attack,1.0,127,1,169
3258,0,Normal,0,Normal,0.33020177,-125,1,171
3259,0,Normal,0,Normal,0.10699424,-127,1,168
3260,0,Normal,0,Normal,0.10699424,-127,1,170
3261,1,Attack,1,Attack,0.99652326,-116,1,168
3262,0,Normal,0,Normal,0.33020177,-125,1,169
3263,0,Normal,0,Normal,0.19551814,-126,1,170
3264,1,Attack,1,Attack,0.89300579,-121,1,169
3265,1,Attack,1,Attack,0.94422776,-120,1,170
3266,0,Normal,1,Attack,0.89300579,-121,0,169
3267,1,Attack,1,Attack,0.99979395,-112,1,177
3268,0,Normal,1,Attack,0.89300579,-121,0,169
3269,0,Normal,0,Normal,0.19551814,-126,1,170
3270,1,Attack,1,Attack,1.0,127,1,169
3271,0,Normal,0,Normal,0.19551814,-126,1,169
3272,1,Attack,1,Attack,0.89300579,-121,1,169
3273,1,Attack,1,Attack,0.98584783,-118,1,170
3274,0,Normal,1,Attack,0.89300579,-121,0,169
3275,0,Normal,0,Normal,0.10699424,-127,1,178
3276,1,Attack,1,Attack,0.99297273,-117,1,170
3277,0,Normal,0,Normal,0.10699424,-127,1,170
3278,0,Normal,1,Attack,0.66979825,-123,0,170
3279,1,Attack,1,Attack,0.99999988,-101,1,170
3280,1,Attack,1,Attack,0.89300579,-121,1,170
3281,0,Normal,1,Attack,0.66979825,-123,0,177
3282,1,Attack,1,Attack,1.0,115,1,169
3283,0,Normal,1,Attack,0.89300579,-121,0,170
3284,1,Attack,1,Attack,0.99999964,-103,1,169
3285,0,Normal,1,Attack,0.5,-124,0,170
3286,1,Attack,1,Attack,0.99999404,-107,1,169
3287,1,Attack,1,Attack,0.94422776,-120,1,169
3288,0,Normal,1,Attack,0.89300579,-121,0,170
3289,0,Normal,0,Normal,0.19551814,-126,1,176
3290,1,Attack,1,Attack,0.94422776,-120,1,171
3291,1,Attack,1,Attack,0.89300579,-121,1,169
3292,0,Normal,1,Attack,0.9717049,-119,0,170
3293,1,Attack,1,Attack,0.94422776,-120,1,168
3294,0,Normal,1,Attack,0.80448192,-122,0,171
3295,1,Attack,1,Attack,0.80448192,-122,1,169
3296,1,Attack,1,Attack,1.0,-91,1,171
3297,1,Attack,1,Attack,1.0,-98,1,169
3298,0,Normal,0,Normal,0.10699424,-127,1,171
3299,1,Attack,1,Attack,0.66979825,-123,1,168
3300,0,Normal,0,Normal,0.33020177,-125,1,171
3301,0,Normal,0,Normal,0.19551814,-126,1,168
3302,1,Attack,1,Attack,1.0,-88,1,171
3303,1,Attack,1,Attack,0.99652326,-116,1,168
3304,0,Normal,0,Normal,0.05577227,-128,1,170
3305,1,Attack,1,Attack,0.99828303,-115,1,168
3306,0,Normal,0,Normal,0.05577227,-128,1,171
3307,1,Attack,1,Attack,0.99999964,-103,1,168
3308,1,Attack,1,Attack,1.0,-87,1,171
3309,0,Normal,1,Attack,0.89300579,-121,0,168
3310,1,Attack,1,Attack,0.99297273,-117,1,170
3311,0,Normal,0,Normal,0.10699424,-127,1,168
3312,0,Normal,1,Attack,0.80448192,-122,0,178
3313,1,Attack,1,Attack,1.0,117,1,176
3314,0,Normal,1,Attack,0.89300579,-121,0,179
3315,1,Attack,1,Attack,0.89300579,-121,1,168
3316,1,Attack,1,Attack,0.99998784,-108,1,178
3317,0,Normal,0,Normal,0.10699424,-127,1,176
3318,1,Attack,1,Attack,0.89300579,-121,1,170
3319,1,Attack,1,Attack,1.0,-91,1,168
3320,1,Attack,1,Attack,1.0,127,1,170
3321,0,Normal,1,Attack,0.5,-124,0,168
3322,1,Attack,1,Attack,0.89300579,-121,1,170
3323,1,Attack,1,Attack,1.0,-100,1,168
3324,1,Attack,1,Attack,0.99828303,-115,1,177
3325,1,Attack,1,Attack,0.94422776,-120,1,168
3326,1,Attack,1,Attack,1.0,127,1,170
3327,1,Attack,0,Normal,0.19551814,-126,0,168
3328,1,Attack,0,Normal,0.10699424,-127,0,170
3329,0,Normal,1,Attack,0.89300579,-121,0,176
3330,1,Attack,1,Attack,0.94422776,-120,1,171
3331,0,Normal,0,Normal,0.19551814,-126,1,168
3332,0,Normal,0,Normal,0.10699424,-127,1,178
3333,0,Normal,0,Normal,0.33020177,-125,1,168
3334,1,Attack,0,Normal,0.19551814,-126,0,170
3335,0,Normal,1,Attack,0.89300579,-121,0,168
3336,1,Attack,1,Attack,0.99999702,-106,1,178
3337,0,Normal,0,Normal,0.05577227,-128,1,168
3338,1,Attack,1,Attack,0.99999702,-106,1,170
3339,1,Attack,1,Attack,0.80448192,-122,1,169
3340,1,Attack,1,Attack,1.0,-77,1,169
3341,1,Attack,1,Attack,0.80448192,-122,1,170
3342,0,Normal,0,Normal,0.10699424,-127,1,170
3343,1,Attack,1,Attack,0.9717049,-119,1,169
3344,1,Attack,1,Attack,0.94422776,-120,1,177
3345,1,Attack,1,Attack,1.0,-95,1,169
3346,0,Normal,0,Normal,0.10699424,-127,1,169
3347,0,Normal,0,Normal,0.05577227,-128,1,170
3348,1,Attack,1,Attack,1.0,-77,1,169
3349,1,Attack,0,Normal,0.10699424,-127,0,178
3350,0,Normal,1,Attack,0.66979825,-123,0,170
3351,1,Attack,1,Attack,0.99652326,-116,1,169
3352,1,Attack,1,Attack,0.9717049,-119,1,169
3353,0,Normal,0,Normal,0.10699424,-127,1,169
3354,0,Normal,0,Normal,0.10699424,-127,1,169
3355,0,Normal,1,Attack,0.66979825,-123,0,169
3356,1,Attack,1,Attack,0.99828303,-115,1,170
3357,0,Normal,1,Attack,0.80448192,-122,0,168
3358,1,Attack,1,Attack,0.99652326,-116,1,170
3359,0,Normal,1,Attack,0.99297273,-117,0,177
3360,1,Attack,1,Attack,0.89300579,-121,1,177
3361,1,Attack,1,Attack,0.98584783,-118,1,176
3362,1,Attack,1,Attack,1.0,-86,1,179
3363,1,Attack,1,Attack,1.0,-99,1,168
3364,0,Normal,1,Attack,0.94422776,-120,0,178
3365,1,Attack,1,Attack,1.0,-98,1,177
3366,1,Attack,1,Attack,0.89300579,-121,1,170
3367,0,Normal,1,Attack,1.0,-83,0,168
3368,1,Attack,1,Attack,1.0,-99,1,171
3369,1,Attack,1,Attack,1.0,-95,1,169
3370,0,Normal,0,Normal,0.10699424,-127,1,169
3371,1,Attack,1,Attack,1.0,-91,1,169
3372,0,Normal,0,Normal,0.10699424,-127,1,169
3373,0,Normal,1,Attack,0.89300579,-121,0,169
3374,1,Attack,1,Attack,0.99994993,-110,1,169
3375,0,Normal,1,Attack,0.80448192,-122,0,177
3376,1,Attack,1,Attack,0.99999964,-103,1,176
3377,0,Normal,1,Attack,0.66979825,-123,0,177
3378,0,Normal,1,Attack,0.80448192,-122,0,170
3379,0,Normal,1,Attack,0.66979825,-123,0,169
3380,1,Attack,1,Attack,0.99828303,-115,1,170
3381,1,Attack,1,Attack,0.99999702,-106,1,177
3382,0,Normal,1,Attack,0.89300579,-121,0,169
3383,0,Normal,1,Attack,0.80448192,-122,0,169
3384,0,Normal,1,Attack,0.80448192,-122,0,177
3385,0,Normal,0,Normal,0.05577227,-128,1,169
3386,1,Attack,1,Attack,0.99979395,-112,1,169
3387,1,Attack,1,Attack,0.99828303,-115,1,169
3388,1,Attack,1,Attack,0.94422776,-120,1,169
3389,0,Normal,0,Normal,0.33020177,-125,1,170
3390,1,Attack,0,Normal,0.33020177,-125,0,170
3391,1,Attack,1,Attack,1.0,126,1,176
3392,1,Attack,1,Attack,0.99999857,-105,1,169
3393,1,Attack,1,Attack,1.0,-68,1,169
3394,1,Attack,1,Attack,1.0,-98,1,169
3395,1,Attack,1,Attack,0.99999988,-102,1,170
3396,1,Attack,1,Attack,1.0,-89,1,169
3397,0,Normal,0,Normal,0.19551814,-126,1,169
3398,1,Attack,1,Attack,0.99297273,-117,1,177
3399,0,Normal,0,Normal,0.10699424,-127,1,169
3400,1,Attack,0,Normal,0.05577227,-128,0,177
3401,0,Normal,0,Normal,0.05577227,-128,1,169
3402,1,Attack,1,Attack,0.99999702,-106,1,170
3403,0,Normal,0,Normal,0.19551814,-126,1,170
3404,0,Normal,1,Attack,0.5,-124,0,178
3405,0,Normal,0,Normal,0.19551814,-126,1,169
3406,1,Attack,1,Attack,0.99652326,-116,1,170
3407,1,Attack,1,Attack,0.99652326,-116,1,177
3408,0,Normal,0,Normal,0.19551814,-126,1,169
3409,1,Attack,1,Attack,0.99994993,-110,1,170
3410,0,Normal,0,Normal,0.10699424,-127,1,169
3411,1,Attack,1,Attack,0.89300579,-121,1,169
3412,0,Normal,0,Normal,0.33020177,-125,1,170
3413,0,Normal,0,Normal,0.10699424,-127,1,170
3414,0,Normal,0,Normal,0.10699424,-127,1,169
3415,0,Normal,1,Attack,0.89300579,-121,0,169
3416,0,Normal,0,Normal,0.10699424,-127,1,169
3417,0,Normal,1,Attack,0.94422776,-120,0,170
3418,0,Normal,1,Attack,0.89300579,-121,0,169
3419,0,Normal,1,Attack,0.89300579,-121,0,177
3420,1,Attack,1,Attack,0.98584783,-118,1,169
3421,1,Attack,1,Attack,1.0,126,1,169
3422,1,Attack,1,Attack,0.99297273,-117,1,170
3423,0,Normal,0,Normal,0.19551814,-126,1,169
3424,1,Attack,1,Attack,0.5,-124,1,178
3425,0,Normal,0,Normal,0.19551814,-126,1,169
3426,1,Attack,1,Attack,1.0,-99,1,169
3427,0,Normal,0,Normal,0.10699424,-127,1,169
3428,0,Normal,1,Attack,0.80448192,-122,0,170
3429,0,Normal,1,Attack,0.89300579,-121,0,169
3430,1,Attack,1,Attack,0.80448192,-122,1,169
3431,1,Attack,1,Attack,1.0,125,1,169
3432,0,Normal,1,Attack,0.89300579,-121,0,169
3433,0,Normal,0,Normal,0.10699424,-127,1,177
3434,1,Attack,1,Attack,0.99994993,-110,1,170
3435,0,Normal,0,Normal,0.10699424,-127,1,169
3436,1,Attack,1,Attack,0.9717049,-119,1,169
3437,0,Normal,0,Normal,0.05577227,-128,1,170
3438,1,Attack,1,Attack,0.5,-124,1,170
3439,1,Attack,1,Attack,1.0,-91,1,169
3440,1,Attack,1,Attack,0.80448192,-122,1,169
3441,0,Normal,0,Normal,0.19551814,-126,1,178
3442,0,Normal,0,Normal,0.10699424,-127,1,170
3443,1,Attack,1,Attack,0.94422776,-120,1,170
3444,1,Attack,1,Attack,0.99828303,-115,1,177
3445,1,Attack,1,Attack,0.9717049,-119,1,169
3446,1,Attack,1,Attack,0.66979825,-123,1,169
3447,0,Normal,1,Attack,0.66979825,-123,0,169
3448,0,Normal,0,Normal,0.33020177,-125,1,169
3449,1,Attack,1,Attack,0.80448192,-122,1,168
3450,0,Normal,1,Attack,0.80448192,-122,0,171
3451,0,Normal,0,Normal,0.19551814,-126,1,168
3452,0,Normal,1,Attack,0.5,-124,0,170
3453,0,Normal,0,Normal,0.33020177,-125,1,168
3454,0,Normal,1,Attack,0.80448192,-122,0,171
3455,0,Normal,1,Attack,0.66979825,-123,0,169
3456,1,Attack,1,Attack,0.80448192,-122,1,171
3457,0,Normal,0,Normal,0.10699424,-127,1,168
3458,0,Normal,0,Normal,0.10699424,-127,1,171
3459,0,Normal,0,Normal,0.10699424,-127,1,169
3460,0,Normal,1,Attack,0.89300579,-121,0,170
3461,0,Normal,0,Normal,0.05577227,-128,1,168
3462,0,Normal,1,Attack,0.80448192,-122,0,170
3463,1,Attack,1,Attack,0.99997532,-109,1,176
3464,1,Attack,0,Normal,0.10699424,-127,0,171
3465,0,Normal,0,Normal,0.19551814,-126,1,168
3466,0,Normal,0,Normal,0.10699424,-127,1,170
3467,0,Normal,1,Attack,0.66979825,-123,0,169
3468,0,Normal,0,Normal,0.10699424,-127,1,170
3469,0,Normal,0,Normal,0.10699424,-127,1,169
3470,1,Attack,1,Attack,0.99999702,-106,1,169
3471,1,Attack,1,Attack,0.89300579,-121,1,170
3472,1,Attack,1,Attack,0.98584783,-118,1,169
3473,0,Normal,1,Attack,0.80448192,-122,0,178
3474,1,Attack,1,Attack,0.99999964,-103,1,169
3475,1,Attack,1,Attack,1.0,127,1,169
3476,1,Attack,1,Attack,0.9717049,-119,1,169
3477,0,Normal,0,Normal,0.19551814,-126,1,169
3478,0,Normal,0,Normal,0.10699424,-127,1,177
3479,0,Normal,0,Normal,0.05577227,-128,1,169
3480,0,Normal,0,Normal,0.19551814,-126,1,169
3481,0,Normal,0,Normal,0.10699424,-127,1,169
3482,1,Attack,1,Attack,0.80448192,-122,1,169
3483,0,Normal,0,Normal,0.05577227,-128,1,178
3484,1,Attack,1,Attack,0.99297273,-117,1,169
3485,0,Normal,0,Normal,0.33020177,-125,1,170
3486,1,Attack,1,Attack,0.94422776,-120,1,170
3487,1,Attack,1,Attack,0.99652326,-116,1,176
3488,1,Attack,1,Attack,1.0,-99,1,169
3489,0,Normal,1,Attack,0.80448192,-122,0,177
3490,1,Attack,1,Attack,0.99999964,-103,1,169
3491,1,Attack,1,Attack,0.66979825,-123,1,169
3492,0,Normal,0,Normal,0.19551814,-126,1,169
3493,0,Normal,1,Attack,0.80448192,-122,0,169
3494,1,Attack,0,Normal,0.19551814,-126,0,169
3495,1,Attack,1,Attack,0.9717049,-119,1,169
3496,0,Normal,0,Normal,0.19551814,-126,1,169
3497,1,Attack,1,Attack,0.94422776,-120,1,169
3498,1,Attack,1,Attack,0.99915278,-114,1,170
3499,1,Attack,1,Attack,1.0,127,1,169
3500,1,Attack,1,Attack,0.99999404,-107,1,169
3501,1,Attack,1,Attack,0.98584783,-118,1,169
3502,1,Attack,1,Attack,1.0,-99,1,169
3503,0,Normal,0,Normal,0.10699424,-127,1,169
3504,0,Normal,0,Normal,0.10699424,-127,1,169
3505,1,Attack,1,Attack,0.80448192,-122,1,170
3506,1,Attack,1,Attack,1.0,-67,1,169
3507,0,Normal,1,Attack,0.5,-124,0,178
3508,0,Normal,0,Normal,0.10699424,-127,1,169
3509,0,Normal,1,Attack,0.66979825,-123,0,169
3510,1,Attack,1,Attack,0.99958211,-113,1,170
3511,1,Attack,1,Attack,1.0,127,1,170
3512,1,Attack,1,Attack,0.89300579,-121,1,169
3513,0,Normal,0,Normal,0.10699424,-127,1,169
3514,1,Attack,1,Attack,0.99297273,-117,1,170
3515,1,Attack,1,Attack,1.0,-84,1,169
3516,1,Attack,1,Attack,0.89300579,-121,1,177
3517,1,Attack,1,Attack,0.99999928,-104,1,169
3518,1,Attack,1,Attack,0.89300579,-121,1,169
3519,1,Attack,1,Attack,0.99999857,-105,1,170
3520,1,Attack,1,Attack,0.99999928,-104,1,170
3521,1,Attack,1,Attack,0.66979825,-123,1,170
3522,1,Attack,1,Attack,0.5,-124,1,170
3523,1,Attack,1,Attack,0.80448192,-122,1,170
3524,0,Normal,0,Normal,0.10699424,-127,1,170
3525,1,Attack,1,Attack,0.89300579,-121,1,176
3526,1,Attack,1,Attack,1.0,-95,1,177
3527,0,Normal,1,Attack,0.89300579,-121,0,169
3528,1,Attack,1,Attack,0.9717049,-119,1,169
3529,0,Normal,0,Normal,0.10699424,-127,1,170
3530,1,Attack,1,Attack,0.99828303,-115,1,169
3531,0,Normal,0,Normal,0.10699424,-127,1,169
3532,0,Normal,0,Normal,0.10699424,-127,1,170
3533,0,Normal,1,Attack,0.80448192,-122,0,177
3534,1,Attack,1,Attack,0.9717049,-119,1,169
3535,1,Attack,1,Attack,1.0,-91,1,170
3536,1,Attack,1,Attack,1.0,-73,1,170
3537,0,Normal,0,Normal,0.10699424,-127,1,169
3538,1,Attack,1,Attack,0.99828303,-115,1,169
3539,1,Attack,1,Attack,1.0,-94,1,170
3540,1,Attack,1,Attack,0.98584783,-118,1,178
3541,1,Attack,1,Attack,0.99915278,-114,1,170
3542,1,Attack,0,Normal,0.19551814,-126,0,169
3543,0,Normal,1,Attack,0.66979825,-123,0,177
3544,0,Normal,1,Attack,0.66979825,-123,0,169
3545,1,Attack,1,Attack,1.0,-88,1,169
3546,1,Attack,1,Attack,1.0,-92,1,169
3547,1,Attack,1,Attack,0.99915278,-114,1,169
3548,1,Attack,1,Attack,0.99652326,-116,1,169
3549,1,Attack,1,Attack,0.89300579,-121,1,170
3550,1,Attack,0,Normal,0.19551814,-126,0,169
3551,1,Attack,1,Attack,0.99828303,-115,1,168
3552,1,Attack,1,Attack,1.0,124,1,170
3553,1,Attack,1,Attack,0.99297273,-117,1,168
3554,0,Normal,0,Normal,0.10699424,-127,1,171
3555,1,Attack,1,Attack,1.0,127,1,168
3556,0,Normal,0,Normal,0.19551814,-126,1,171
3557,0,Normal,0,Normal,0.33020177,-125,1,168
3558,0,Normal,0,Normal,0.19551814,-126,1,170
3559,0,Normal,1,Attack,0.80448192,-122,0,169
3560,1,Attack,1,Attack,1.0,-99,1,171
3561,0,Normal,0,Normal,0.10699424,-127,1,168
3562,1,Attack,1,Attack,0.89300579,-121,1,170
3563,0,Normal,0,Normal,0.10699424,-127,1,168
3564,1,Attack,1,Attack,1.0,124,1,170
3565,1,Attack,1,Attack,1.0,-73,1,168
3566,0,Normal,0,Normal,0.33020177,-125,1,170
3567,0,Normal,0,Normal,0.33020177,-125,1,177
3568,1,Attack,1,Attack,1.0,-66,1,171
3569,1,Attack,1,Attack,0.99999702,-106,1,168
3570,0,Normal,1,Attack,0.66979825,-123,0,178
3571,0,Normal,1,Attack,0.66979825,-123,0,168
3572,0,Normal,0,Normal,0.33020177,-125,1,171
3573,0,Normal,0,Normal,0.19551814,-126,1,168
3574,0,Normal,0,Normal,0.10699424,-127,1,170
3575,0,Normal,0,Normal,0.10699424,-127,1,168
3576,0,Normal,0,Normal,0.10699424,-127,1,170
3577,1,Attack,1,Attack,0.9717049,-119,1,168
3578,0,Normal,1,Attack,0.66979825,-123,0,170
3579,0,Normal,0,Normal,0.19551814,-126,1,176
3580,1,Attack,1,Attack,0.99828303,-115,1,171
3581,0,Normal,1,Attack,0.89300579,-121,0,168
3582,1,Attack,1,Attack,1.0,-97,1,170
3583,0,Normal,1,Attack,0.89300579,-121,0,168
3584,0,Normal,0,Normal,0.05577227,-128,1,170
3585,1,Attack,1,Attack,1.0,-98,1,176
3586,1,Attack,1,Attack,1.0,-63,1,171
3587,0,Normal,0,Normal,0.10699424,-127,1,168
3588,1,Attack,1,Attack,0.80448192,-122,1,171
3589,1,Attack,1,Attack,0.99297273,-117,1,168
3590,1,Attack,0,Normal,0.10699424,-127,0,170
3591,0,Normal,0,Normal,0.19551814,-126,1,169
3592,0,Normal,0,Normal,0.33020177,-125,1,171
3593,1,Attack,1,Attack,0.9717049,-119,1,168
3594,0,Normal,0,Normal,0.10699424,-127,1,170
3595,0,Normal,1,Attack,0.98584783,-118,0,168
3596,1,Attack,1,Attack,0.99999702,-106,1,170
3597,0,Normal,0,Normal,0.10699424,-127,1,169
3598,0,Normal,1,Attack,0.5,-124,0,171
3599,0,Normal,0,Normal,0.33020177,-125,1,176
3600,1,Attack,1,Attack,0.99915278,-114,1,179
3601,1,Attack,1,Attack,0.99652326,-116,1,168
3602,0,Normal,1,Attack,0.89300579,-121,0,171
3603,1,Attack,1,Attack,1.0,127,1,168
3604,1,Attack,1,Attack,0.99999404,-107,1,170
3605,0,Normal,1,Attack,0.94422776,-120,0,168
3606,1,Attack,1,Attack,0.89300579,-121,1,170
3607,0,Normal,0,Normal,0.10699424,-127,1,176
3608,0,Normal,0,Normal,0.19551814,-126,1,170
3609,0,Normal,1,Attack,0.89300579,-121,0,168
3610,0,Normal,0,Normal,0.10699424,-127,1,170
3611,0,Normal,1,Attack,0.80448192,-122,0,177
3612,1,Attack,0,Normal,0.10699424,-127,0,171
3613,1,Attack,1,Attack,0.99999988,-102,1,169
3614,1,Attack,1,Attack,0.99999988,-101,1,170
3615,1,Attack,1,Attack,0.99828303,-115,1,168
3616,0,Normal,0,Normal,0.10699424,-127,1,170
3617,0,Normal,0,Normal,0.10699424,-127,1,168
3618,0,Normal,0,Normal,0.05577227,-128,1,170
3619,0,Normal,1,Attack,0.80448192,-122,0,168
3620,1,Attack,1,Attack,0.99998784,-108,1,171
3621,0,Normal,0,Normal,0.10699424,-127,1,169
3622,0,Normal,0,Normal,0.10699424,-127,1,170
3623,1,Attack,1,Attack,0.99915278,-114,1,168
3624,0,Normal,0,Normal,0.19551814,-126,1,178
3625,1,Attack,1,Attack,0.99999702,-106,1,168
3626,1,Attack,1,Attack,0.89300579,-121,1,170
3627,1,Attack,1,Attack,1.0,-88,1,168
3628,0,Normal,0,Normal,0.10699424,-127,1,170
3629,0,Normal,1,Attack,0.66979825,-123,0,168
3630,0,Normal,0,Normal,0.10699424,-127,1,171
3631,0,Normal,1,Attack,0.98584783,-118,0,168
3632,1,Attack,0,Normal,0.19551814,-126,0,170
3633,0,Normal,1,Attack,0.80448192,-122,0,169
3634,0,Normal,0,Normal,0.10699424,-127,1,169
3635,1,Attack,1,Attack,0.99998784,-108,1,170
3636,1,Attack,0,Normal,0.19551814,-126,0,177
3637,0,Normal,1,Attack,0.80448192,-122,0,169
3638,1,Attack,1,Attack,1.0,-88,1,170
3639,0,Normal,0,Normal,0.10699424,-127,1,169
3640,1,Attack,1,Attack,0.99979395,-112,1,169
3641,1,Attack,1,Attack,0.99915278,-114,1,169
3642,0,Normal,1,Attack,0.89300579,-121,0,177
3643,0,Normal,0,Normal,0.10699424,-127,1,170
3644,0,Normal,0,Normal,0.10699424,-127,1,169
3645,1,Attack,1,Attack,0.89300579,-121,1,169
3646,0,Normal,1,Attack,0.80448192,-122,0,169
3647,1,Attack,1,Attack,1.0,-97,1,170
3648,0,Normal,1,Attack,0.66979825,-123,0,169
3649,0,Normal,1,Attack,0.98584783,-118,0,169
3650,1,Attack,1,Attack,0.9717049,-119,1,170
3651,0,Normal,0,Normal,0.10699424,-127,1,176
3652,0,Normal,0,Normal,0.10699424,-127,1,170
3653,1,Attack,1,Attack,0.80448192,-122,1,170
3654,1,Attack,1,Attack,1.0,-90,1,169
3655,0,Normal,1,Attack,0.5,-124,0,170
3656,1,Attack,1,Attack,0.89300579,-121,1,170
3657,0,Normal,0,Normal,0.10699424,-127,1,169
3658,1,Attack,1,Attack,1.0,-65,1,169
3659,1,Attack,1,Attack,0.99958211,-113,1,169
3660,0,Normal,1,Attack,0.80448192,-122,0,170
3661,0,Normal,0,Normal,0.10699424,-127,1,169
3662,1,Attack,1,Attack,0.99999988,-101,1,169
3663,0,Normal,1,Attack,0.80448192,-122,0,169
3664,0,Normal,0,Normal,0.19551814,-126,1,169
3665,1,Attack,1,Attack,1.0,-83,1,170
3666,0,Normal,0,Normal,0.19551814,-126,1,169
3667,1,Attack,1,Attack,0.89300579,-121,1,170
3668,1,Attack,1,Attack,0.99999988,-102,1,178
3669,1,Attack,1,Attack,0.5,-124,1,170
3670,0,Normal,0,Normal,0.10699424,-127,1,169
3671,1,Attack,1,Attack,1.0,-92,1,169
3672,0,Normal,0,Normal,0.10699424,-127,1,170
3673,0,Normal,1,Attack,0.98584783,-118,0,177
3674,1,Attack,1,Attack,1.0,-96,1,169
3675,1,Attack,1,Attack,0.80448192,-122,1,169
3676,1,Attack,1,Attack,0.80448192,-122,1,169
3677,0,Normal,0,Normal,0.10699424,-127,1,169
3678,0,Normal,1,Attack,0.80448192,-122,0,177
3679,1,Attack,1,Attack,0.99994993,-110,1,170
3680,1,Attack,1,Attack,0.80448192,-122,1,169
3681,0,Normal,0,Normal,0.19551814,-126,1,170
3682,0,Normal,0,Normal,0.19551814,-126,1,170
3683,0,Normal,1,Attack,0.80448192,-122,0,176
3684,0,Normal,1,Attack,0.9717049,-119,0,169
3685,0,Normal,0,Normal,0.10699424,-127,1,169
3686,1,Attack,1,Attack,0.99999857,-105,1,169
3687,0,Normal,1,Attack,0.80448192,-122,0,168
3688,0,Normal,0,Normal,0.10699424,-127,1,170
3689,0,Normal,0,Normal,0.10699424,-127,1,168
3690,1,Attack,1,Attack,1.0,125,1,171
3691,0,Normal,1,Attack,0.5,-124,0,168
3692,1,Attack,1,Attack,1.0,117,1,179
3693,1,Attack,1,Attack,0.99989843,-111,1,177
3694,0,Normal,1,Attack,0.5,-124,0,170
3695,1,Attack,0,Normal,0.10699424,-127,0,168
3696,1,Attack,1,Attack,1.0,-98,1,170
3697,0,Normal,0,Normal,0.33020177,-125,1,168
3698,0,Normal,0,Normal,0.10699424,-127,1,170
3699,0,Normal,0,Normal,0.19551814,-126,1,168
3700,1,Attack,1,Attack,0.9717049,-119,1,171
3701,1,Attack,1,Attack,1.0,127,1,168
3702,1,Attack,1,Attack,0.99297273,-117,1,170
3703,0,Normal,0,Normal,0.10699424,-127,1,168
3704,1,Attack,1,Attack,1.0,-94,1,171
3705,0,Normal,0,Normal,0.05577227,-128,1,168
3706,1,Attack,1,Attack,0.89300579,-121,1,170
3707,1,Attack,1,Attack,1.0,127,1,168
3708,0,Normal,0,Normal,0.19551814,-126,1,171
3709,1,Attack,1,Attack,0.99915278,-114,1,168
3710,0,Normal,1,Attack,0.80448192,-122,0,170
3711,0,Normal,0,Normal,0.10699424,-127,1,176
3712,1,Attack,1,Attack,1.0,117,1,171
3713,0,Normal,1,Attack,0.66979825,-123,0,169
3714,0,Normal,0,Normal,0.10699424,-127,1,171
3715,0,Normal,0,Normal,0.10699424,-127,1,168
3716,1,Attack,1,Attack,0.66979825,-123,1,171
3717,1,Attack,1,Attack,1.0,-83,1,176
3718,0,Normal,1,Attack,0.80448192,-122,0,171
3719,0,Normal,0,Normal,0.05577227,-128,1,176
3720,1,Attack,1,Attack,0.99998784,-108,1,171
3721,1,Attack,1,Attack,0.99999964,-103,1,169
3722,1,Attack,1,Attack,0.89300579,-121,1,179
3723,0,Normal,0,Normal,0.33020177,-125,1,168
3724,1,Attack,1,Attack,1.0,-84,1,179
3725,1,Attack,1,Attack,0.99958211,-113,1,176
3726,1,Attack,1,Attack,0.99915278,-114,1,171
3727,0,Normal,0,Normal,0.33020177,-125,1,168
3728,1,Attack,1,Attack,0.99828303,-115,1,170
3729,1,Attack,1,Attack,0.99979395,-112,1,176
3730,0,Normal,0,Normal,0.19551814,-126,1,170
3731,0,Normal,1,Attack,0.80448192,-122,0,168
3732,1,Attack,1,Attack,0.98584783,-118,1,179
3733,0,Normal,0,Normal,0.10699424,-127,1,176
3734,0,Normal,1,Attack,0.89300579,-121,0,171
3735,1,Attack,1,Attack,0.99915278,-114,1,168
3736,0,Normal,0,Normal,0.19551814,-126,1,170
3737,1,Attack,1,Attack,0.99999857,-105,1,176
3738,0,Normal,0,Normal,0.19551814,-126,1,171
3739,1,Attack,1,Attack,1.0,-84,1,168
3740,1,Attack,1,Attack,1.0,-97,1,170
3741,0,Normal,0,Normal,0.10699424,-127,1,175
3742,0,Normal,0,Normal,0.19551814,-126,1,171
3743,1,Attack,1,Attack,0.99652326,-116,1,169
3744,0,Normal,1,Attack,0.89300579,-121,0,171
3745,1,Attack,1,Attack,0.99828303,-115,1,176
3746,1,Attack,1,Attack,0.80448192,-122,1,170
3747,1,Attack,1,Attack,0.99994993,-110,1,168
3748,0,Normal,0,Normal,0.10699424,-127,1,179
3749,1,Attack,1,Attack,0.99999404,-107,1,176
3750,0,Normal,0,Normal,0.10699424,-127,1,170
3751,1,Attack,1,Attack,0.94422776,-120,1,168
3752,1,Attack,1,Attack,0.99999404,-107,1,170
3753,0,Normal,1,Attack,0.66979825,-123,0,168
3754,1,Attack,1,Attack,0.99999988,-102,1,170
3755,0,Normal,0,Normal,0.19551814,-126,1,176
3756,0,Normal,1,Attack,0.80448192,-122,0,171
3757,1,Attack,1,Attack,0.99297273,-117,1,168
3758,1,Attack,1,Attack,0.5,-124,1,171
3759,0,Normal,0,Normal,0.10699424,-127,1,168
3760,1,Attack,1,Attack,0.99297273,-117,1,171
3761,0,Normal,1,Attack,0.80448192,-122,0,168
3762,0,Normal,0,Normal,0.10699424,-127,1,170
3763,0,Normal,0,Normal,0.10699424,-127,1,175
3764,0,Normal,1,Attack,0.66979825,-123,0,171
3765,1,Attack,1,Attack,1.0,-79,1,177
3766,1,Attack,1,Attack,0.89300579,-121,1,179
3767,0,Normal,0,Normal,0.05577227,-128,1,168
3768,1,Attack,1,Attack,0.99915278,-114,1,171
3769,0,Normal,0,Normal,0.10699424,-127,1,168
3770,0,Normal,0,Normal,0.10699424,-127,1,171
3771,1,Attack,1,Attack,1.0,-99,1,168
3772,0,Normal,0,Normal,0.19551814,-126,1,171
3773,0,Normal,0,Normal,0.10699424,-127,1,168
3774,1,Attack,1,Attack,0.94422776,-120,1,171
3775,0,Normal,0,Normal,0.19551814,-126,1,176
3776,1,Attack,1,Attack,0.89300579,-121,1,171
3777,1,Attack,1,Attack,1.0,127,1,168
3778,0,Normal,0,Normal,0.19551814,-126,1,170
3779,1,Attack,1,Attack,1.0,-100,1,168
3780,0,Normal,0,Normal,0.10699424,-127,1,179
3781,0,Normal,1,Attack,0.80448192,-122,0,177
3782,0,Normal,1,Attack,0.5,-124,0,171
3783,0,Normal,0,Normal,0.10699424,-127,1,169
3784,0,Normal,0,Normal,0.10699424,-127,1,170
3785,0,Normal,0,Normal,0.05577227,-128,1,168
3786,1,Attack,1,Attack,0.94422776,-120,1,171
3787,1,Attack,1,Attack,1.0,126,1,168
3788,0,Normal,1,Attack,0.66979825,-123,0,171
3789,1,Attack,1,Attack,0.99828303,-115,1,175
3790,0,Normal,1,Attack,0.89300579,-121,0,171
3791,0,Normal,0,Normal,0.10699424,-127,1,168
3792,1,Attack,1,Attack,1.0,-77,1,171
3793,0,Normal,0,Normal,0.10699424,-127,1,168
3794,0,Normal,0,Normal,0.33020177,-125,1,171
3795,1,Attack,1,Attack,1.0,-99,1,169
3796,0,Normal,0,Normal,0.33020177,-125,1,171
3797,0,Normal,1,Attack,0.89300579,-121,0,176
3798,1,Attack,1,Attack,1.0,126,1,171
3799,1,Attack,0,Normal,0.19551814,-126,0,168
3800,0,Normal,1,Attack,0.94422776,-120,0,170
3801,0,Normal,0,Normal,0.19551814,-126,1,168
3802,0,Normal,0,Normal,0.19551814,-126,1,171
3803,0,Normal,1,Attack,0.80448192,-122,0,169
3804,0,Normal,1,Attack,0.89300579,-121,0,170
3805,1,Attack,1,Attack,1.0,-60,1,176
3806,1,Attack,1,Attack,0.80448192,-122,1,171
3807,1,Attack,1,Attack,0.98584783,-118,1,168
3808,1,Attack,1,Attack,0.89300579,-121,1,177
3809,1,Attack,1,Attack,0.99999988,-102,1,168
3810,0,Normal,1,Attack,0.89300579,-121,0,171
3811,0,Normal,0,Normal,0.19551814,-126,1,169
3812,1,Attack,1,Attack,1.0,127,1,179
3813,0,Normal,1,Attack,0.89300579,-121,0,168
3814,1,Attack,1,Attack,1.0,119,1,171
3815,0,Normal,0,Normal,0.19551814,-126,1,168
3816,1,Attack,1,Attack,0.99652326,-116,1,171
3817,1,Attack,1,Attack,0.98584783,-118,1,168
3818,1,Attack,1,Attack,0.99979395,-112,1,171
3819,1,Attack,1,Attack,0.99297273,-117,1,176
3820,1,Attack,0,Normal,0.19551814,-126,0,171
3821,0,Normal,0,Normal,0.19551814,-126,1,168
3822,1,Attack,1,Attack,0.5,-124,1,171
3823,1,Attack,1,Attack,0.99297273,-117,1,168
3824,0,Normal,0,Normal,0.19551814,-126,1,171
3825,0,Normal,0,Normal,0.19551814,-126,1,176
3826,1,Attack,1,Attack,0.9717049,-119,1,171
3827,0,Normal,1,Attack,0.66979825,-123,0,168
3828,1,Attack,1,Attack,0.5,-124,1,171
3829,0,Normal,1,Attack,0.99297273,-117,0,168
3830,0,Normal,1,Attack,0.89300579,-121,0,170
3831,1,Attack,1,Attack,0.99999964,-103,1,168
3832,0,Normal,0,Normal,0.19551814,-126,1,171
3833,0,Normal,1,Attack,0.89300579,-121,0,168
3834,1,Attack,1,Attack,0.89300579,-121,1,170
3835,1,Attack,1,Attack,1.0,-100,1,168
3836,1,Attack,1,Attack,0.99999702,-106,1,171
3837,1,Attack,0,Normal,0.10699424,-127,0,168
3838,0,Normal,0,Normal,0.10699424,-127,1,171
3839,0,Normal,1,Attack,0.89300579,-121,0,168
3840,0,Normal,1,Attack,0.89300579,-121,0,171
3841,1,Attack,1,Attack,0.99989843,-111,1,169
3842,1,Attack,1,Attack,0.80448192,-122,1,179
3843,1,Attack,1,Attack,0.99915278,-114,1,176
3844,0,Normal,0,Normal,0.10699424,-127,1,178
3845,0,Normal,0,Normal,0.33020177,-125,1,169
3846,1,Attack,1,Attack,0.89300579,-121,1,171
3847,1,Attack,1,Attack,1.0,-100,1,168
3848,0,Normal,1,Attack,0.80448192,-122,0,170
3849,0,Normal,0,Normal,0.10699424,-127,1,176
3850,1,Attack,1,Attack,1.0,-92,1,170
3851,1,Attack,1,Attack,1.0,-86,1,168
3852,1,Attack,1,Attack,1.0,-100,1,179
3853,1,Attack,1,Attack,0.99297273,-117,1,168
3854,1,Attack,1,Attack,1.0,-93,1,171
3855,1,Attack,0,Normal,0.33020177,-125,0,168
3856,1,Attack,1,Attack,1.0,-94,1,178
3857,1,Attack,1,Attack,0.80448192,-122,1,168
3858,1,Attack,1,Attack,0.99998784,-108,1,169
3859,1,Attack,1,Attack,1.0,-97,1,177
3860,0,Normal,0,Normal,0.10699424,-127,1,178
3861,0,Normal,0,Normal,0.19551814,-126,1,169
3862,0,Normal,0,Normal,0.10699424,-127,1,170
3863,0,Normal,1,Attack,0.80448192,-122,0,169
3864,1,Attack,1,Attack,0.99297273,-117,1,169
3865,0,Normal,1,Attack,0.89300579,-121,0,177
3866,0,Normal,1,Attack,0.80448192,-122,0,177
3867,1,Attack,1,Attack,1.0,127,1,169
3868,1,Attack,0,Normal,0.33020177,-125,0,170
3869,1,Attack,1,Attack,1.0,-85,1,178
3870,1,Attack,1,Attack,0.66979825,-123,1,170
3871,0,Normal,0,Normal,0.05577227,-128,1,169
3872,1,Attack,1,Attack,1.0,-97,1,169
3873,0,Normal,1,Attack,0.89300579,-121,0,176
3874,0,Normal,1,Attack,0.89300579,-121,0,169
3875,0,Normal,0,Normal,0.19551814,-126,1,169
3876,0,Normal,0,Normal,0.33020177,-125,1,169
3877,0,Normal,0,Normal,0.10699424,-127,1,177
3878,0,Normal,1,Attack,0.99297273,-117,0,169
3879,0,Normal,0,Normal,0.05577227,-128,1,169
3880,1,Attack,1,Attack,0.99652326,-116,1,169
3881,0,Normal,0,Normal,0.33020177,-125,1,169
3882,0,Normal,1,Attack,0.89300579,-121,0,169
3883,1,Attack,1,Attack,0.89300579,-121,1,176
3884,0,Normal,1,Attack,0.5,-124,0,170
3885,0,Normal,1,Attack,0.80448192,-122,0,168
3886,1,Attack,1,Attack,1.0,-99,1,170
3887,1,Attack,1,Attack,0.80448192,-122,1,168
3888,1,Attack,1,Attack,0.99999988,-102,1,170
3889,0,Normal,0,Normal,0.05577227,-128,1,176
3890,1,Attack,1,Attack,0.99994993,-110,1,169
3891,0,Normal,0,Normal,0.10699424,-127,1,169
3892,0,Normal,1,Attack,0.9717049,-119,0,170
3893,1,Attack,1,Attack,0.89300579,-121,1,169
3894,1,Attack,1,Attack,0.99999964,-103,1,169
3895,1,Attack,1,Attack,1.0,-80,1,178
3896,0,Normal,1,Attack,0.66979825,-123,0,169
3897,0,Normal,0,Normal,0.10699424,-127,1,170
3898,1,Attack,1,Attack,1.0,-98,1,177
3899,0,Normal,1,Attack,0.89300579,-121,0,170
3900,0,Normal,0,Normal,0.10699424,-127,1,170
3901,0,Normal,1,Attack,0.89300579,-121,0,169
3902,0,Normal,1,Attack,0.89300579,-121,0,169
3903,0,Normal,1,Attack,0.66979825,-123,0,178
3904,0,Normal,1,Attack,0.5,-124,0,169
3905,0,Normal,0,Normal,0.10699424,-127,1,170
3906,1,Attack,1,Attack,0.5,-124,1,169
3907,0,Normal,1,Attack,0.5,-124,0,169
3908,1,Attack,1,Attack,0.66979825,-123,1,169
3909,1,Attack,1,Attack,0.99999988,-102,1,177
3910,0,Normal,0,Normal,0.19551814,-126,1,177
3911,0,Normal,1,Attack,0.80448192,-122,0,169
3912,0,Normal,1,Attack,0.89300579,-121,0,170
3913,0,Normal,1,Attack,0.80448192,-122,0,170
3914,0,Normal,1,Attack,0.66979825,-123,0,170
3915,1,Attack,0,Normal,0.10699424,-127,0,170
3916,0,Normal,1,Attack,0.66979825,-123,0,169
3917,1,Attack,1,Attack,0.80448192,-122,1,169
3918,1,Attack,1,Attack,0.99999928,-104,1,169
3919,1,Attack,1,Attack,1.0,-87,1,177
3920,0,Normal,0,Normal,0.10699424,-127,1,169
3921,0,Normal,1,Attack,0.9717049,-119,0,170
3922,1,Attack,1,Attack,0.99915278,-114,1,178
3923,1,Attack,1,Attack,0.89300579,-121,1,170
3924,0,Normal,0,Normal,0.10699424,-127,1,169
3925,1,Attack,1,Attack,0.99999404,-107,1,170
3926,1,Attack,1,Attack,0.99999928,-104,1,177
3927,1,Attack,1,Attack,1.0,117,1,169
3928,0,Normal,1,Attack,0.89300579,-121,0,170
3929,0,Normal,1,Attack,0.66979825,-123,0,169
3930,1,Attack,1,Attack,0.99652326,-116,1,169
3931,1,Attack,1,Attack,1.0,-98,1,170
3932,1,Attack,1,Attack,1.0,116,1,178
3933,0,Normal,1,Attack,0.5,-124,0,169
3934,1,Attack,1,Attack,0.99915278,-114,1,178
3935,1,Attack,1,Attack,0.9717049,-119,1,169
3936,0,Normal,0,Normal,0.10699424,-127,1,170
3937,1,Attack,0,Normal,0.10699424,-127,0,170
3938,1,Attack,1,Attack,1.0,-92,1,169
3939,0,Normal,0,Normal,0.05577227,-128,1,176
3940,1,Attack,1,Attack,1.0,-99,1,170
3941,0,Normal,1,Attack,0.5,-124,0,169
3942,0,Normal,1,Attack,0.80448192,-122,0,169
3943,0,Normal,1,Attack,0.89300579,-121,0,169
3944,1,Attack,1,Attack,0.99915278,-114,1,169
3945,0,Normal,0,Normal,0.33020177,-125,1,170
3946,0,Normal,0,Normal,0.05577227,-128,1,170
3947,0,Normal,0,Normal,0.10699424,-127,1,169
3948,1,Attack,1,Attack,0.98584783,-118,1,170
3949,1,Attack,1,Attack,1.0,127,1,170
3950,1,Attack,1,Attack,1.0,127,1,169
3951,0,Normal,0,Normal,0.19551814,-126,1,170
3952,0,Normal,1,Attack,0.66979825,-123,0,170
3953,1,Attack,1,Attack,0.89300579,-121,1,170
3954,0,Normal,0,Normal,0.05577227,-128,1,169
3955,1,Attack,1,Attack,0.99652326,-116,1,169
3956,1,Attack,1,Attack,1.0,-96,1,177
3957,0,Normal,0,Normal,0.19551814,-126,1,169
3958,1,Attack,1,Attack,0.99297273,-117,1,169
3959,1,Attack,1,Attack,0.99999964,-103,1,169
3960,0,Normal,0,Normal,0.19551814,-126,1,170
3961,0,Normal,0,Normal,0.10699424,-127,1,170
3962,1,Attack,1,Attack,0.89300579,-121,1,170
3963,1,Attack,1,Attack,0.99999928,-104,1,178
3964,1,Attack,1,Attack,0.99989843,-111,1,177
3965,0,Normal,0,Normal,0.19551814,-126,1,169
3966,1,Attack,1,Attack,0.99958211,-113,1,169
3967,1,Attack,1,Attack,1.0,-88,1,169
3968,1,Attack,1,Attack,1.0,-84,1,169
3969,1,Attack,1,Attack,0.99652326,-116,1,169
3970,1,Attack,1,Attack,0.80448192,-122,1,169
3971,0,Normal,0,Normal,0.10699424,-127,1,177
3972,1,Attack,1,Attack,1.0,-91,1,169
3973,1,Attack,1,Attack,0.80448192,-122,1,169
3974,0,Normal,0,Normal,0.10699424,-127,1,170
3975,0,Normal,0,Normal,0.10699424,-127,1,170
3976,1,Attack,1,Attack,0.99915278,-114,1,169
3977,1,Attack,1,Attack,0.5,-124,1,177
3978,0,Normal,1,Attack,0.5,-124,0,169
3979,1,Attack,1,Attack,0.99828303,-115,1,168
3980,0,Normal,0,Normal,0.10699424,-127,1,170
3981,0,Normal,1,Attack,0.94422776,-120,0,169
3982,1,Attack,1,Attack,0.66979825,-123,1,171
3983,0,Normal,1,Attack,0.80448192,-122,0,169
3984,0,Normal,0,Normal,0.10699424,-127,1,171
3985,1,Attack,1,Attack,0.99979395,-112,1,168
3986,1,Attack,1,Attack,0.9717049,-119,1,178
3987,0,Normal,1,Attack,0.80448192,-122,0,168
3988,0,Normal,0,Normal,0.19551814,-126,1,170
3989,1,Attack,1,Attack,0.99999702,-106,1,168
3990,0,Normal,0,Normal,0.19551814,-126,1,170
3991,0,Normal,0,Normal,0.10699424,-127,1,168
3992,0,Normal,0,Normal,0.19551814,-126,1,170
3993,0,Normal,1,Attack,0.66979825,-123,0,168
3994,1,Attack,1,Attack,1.0,-96,1,171
3995,1,Attack,1,Attack,0.99999964,-103,1,176
3996,0,Normal,0,Normal,0.33020177,-125,1,170
3997,0,Normal,0,Normal,0.10699424,-127,1,168
3998,0,Normal,0,Normal,0.10699424,-127,1,177
3999,0,Normal,0,Normal,0.33020177,-125,1,168
4000,0,Normal,1,Attack,0.80448192,-122,0,171
4001,0,Normal,0,Normal,0.10699424,-127,1,168
4002,1,Attack,0,Normal,0.10699424,-127,0,170
4003,1,Attack,1,Attack,0.99915278,-114,1,168
4004,0,Normal,0,Normal,0.10699424,-127,1,171
4005,1,Attack,1,Attack,0.89300579,-121,1,168
4006,0,Normal,0,Normal,0.10699424,-127,1,170
4007,1,Attack,1,Attack,0.89300579,-121,1,168
4008,1,Attack,1,Attack,1.0,-98,1,170
4009,1,Attack,1,Attack,0.99998784,-108,1,176
4010,0,Normal,0,Normal,0.10699424,-127,1,170
4011,0,Normal,1,Attack,0.89300579,-121,0,168
4012,0,Normal,1,Attack,0.80448192,-122,0,170
4013,0,Normal,0,Normal,0.10699424,-127,1,168
4014,0,Normal,0,Normal,0.19551814,-126,1,171
4015,1,Attack,1,Attack,0.99652326,-116,1,168
4016,1,Attack,1,Attack,1.0,-93,1,171
4017,0,Normal,1,Attack,0.80448192,-122,0,177
4018,0,Normal,1,Attack,0.66979825,-123,0,171
4019,0,Normal,0,Normal,0.19551814,-126,1,168
4020,0,Normal,0,Normal,0.10699424,-127,1,170
4021,1,Attack,1,Attack,0.99652326,-116,1,169
4022,1,Attack,1,Attack,0.80448192,-122,1,170
4023,0,Normal,1,Attack,0.89300579,-121,0,168
4024,1,Attack,1,Attack,0.98584783,-118,1,170
4025,0,Normal,1,Attack,0.66979825,-123,0,168
4026,0,Normal,0,Normal,0.10699424,-127,1,171
4027,0,Normal,0,Normal,0.10699424,-127,1,168
4028,1,Attack,0,Normal,0.19551814,-126,0,179
4029,0,Normal,1,Attack,0.66979825,-123,0,168
4030,0,Normal,0,Normal,0.10699424,-127,1,171
4031,0,Normal,1,Attack,0.66979825,-123,0,168
4032,1,Attack,1,Attack,0.98584783,-118,1,169
4033,0,Normal,0,Normal,0.10699424,-127,1,169
4034,1,Attack,1,Attack,0.99994993,-110,1,169
4035,1,Attack,1,Attack,1.0,-79,1,169
4036,0,Normal,0,Normal,0.10699424,-127,1,178
4037,0,Normal,1,Attack,0.66979825,-123,0,169
4038,0,Normal,1,Attack,0.66979825,-123,0,169
4039,0,Normal,1,Attack,0.5,-124,0,169
4040,1,Attack,1,Attack,1.0,125,1,177
4041,1,Attack,1,Attack,0.99652326,-116,1,170
4042,0,Normal,1,Attack,0.80448192,-122,0,169
4043,0,Normal,1,Attack,0.89300579,-121,0,170
4044,0,Normal,1,Attack,0.80448192,-122,0,170
4045,1,Attack,1,Attack,0.94422776,-120,1,169
4046,1,Attack,1,Attack,0.99828303,-115,1,169
4047,1,Attack,1,Attack,0.98584783,-118,1,169
4048,0,Normal,0,Normal,0.33020177,-125,1,169
4049,0,Normal,0,Normal,0.10699424,-127,1,169
4050,1,Attack,1,Attack,0.99999964,-103,1,169
4051,1,Attack,0,Normal,0.19551814,-126,0,169
4052,1,Attack,1,Attack,0.89300579,-121,1,169
4053,1,Attack,0,Normal,0.33020177,-125,0,170
4054,0,Normal,1,Attack,0.89300579,-121,0,170
4055,0,Normal,1,Attack,0.80448192,-122,0,169
4056,0,Normal,0,Normal,0.10699424,-127,1,169
4057,1,Attack,1,Attack,1.0,-100,1,169
4058,0,Normal,0,Normal,0.10699424,-127,1,169
4059,0,Normal,1,Attack,0.89300579,-121,0,170
4060,1,Attack,1,Attack,0.89300579,-121,1,169
4061,1,Attack,1,Attack,0.99958211,-113,1,169
4062,0,Normal,0,Normal,0.19551814,-126,1,169
4063,0,Normal,0,Normal,0.33020177,-125,1,169
4064,0,Normal,0,Normal,0.10699424,-127,1,178
4065,0,Normal,0,Normal,0.10699424,-127,1,169
4066,0,Normal,0,Normal,0.33020177,-125,1,169
4067,0,Normal,0,Normal,0.10699424,-127,1,169
4068,0,Normal,0,Normal,0.33020177,-125,1,177
4069,0,Normal,1,Attack,0.89300579,-121,0,169
4070,1,Attack,1,Attack,1.0,-97,1,169
4071,1,Attack,1,Attack,1.0,-83,1,178
4072,1,Attack,1,Attack,0.89300579,-121,1,177
4073,1,Attack,1,Attack,0.5,-124,1,178
4074,1,Attack,1,Attack,0.98584783,-118,1,169
4075,1,Attack,0,Normal,0.19551814,-126,0,170
4076,1,Attack,1,Attack,0.99915278,-114,1,170
4077,1,Attack,0,Normal,0.10699424,-127,0,169
4078,0,Normal,1,Attack,0.89300579,-121,0,170
4079,0,Normal,1,Attack,0.5,-124,0,170
4080,0,Normal,1,Attack,0.89300579,-121,0,170
4081,0,Normal,0,Normal,0.10699424,-127,1,169
4082,0,Normal,1,Attack,0.80448192,-122,0,177
4083,1,Attack,1,Attack,0.99999988,-102,1,170
4084,0,Normal,1,Attack,0.94422776,-120,0,178
4085,0,Normal,1,Attack,0.5,-124,0,169
4086,0,Normal,0,Normal,0.05577227,-128,1,169
4087,1,Attack,1,Attack,0.94422776,-120,1,169
4088,0,Normal,0,Normal,0.33020177,-125,1,169
4089,0,Normal,0,Normal,0.19551814,-126,1,170
4090,1,Attack,1,Attack,0.99999988,-101,1,170
4091,1,Attack,1,Attack,1.0,119,1,170
4092,0,Normal,0,Normal,0.19551814,-126,1,169
4093,1,Attack,1,Attack,0.9717049,-119,1,169
4094,0,Normal,1,Attack,0.94422776,-120,0,177
4095,1,Attack,1,Attack,1.0,-92,1,170
4096,0,Normal,1,Attack,0.5,-124,0,178
4097,1,Attack,1,Attack,0.99297273,-117,1,169
4098,1,Attack,1,Attack,0.99999857,-105,1,170
4099,0,Normal,1,Attack,0.89300579,-121,0,169
4100,1,Attack,1,Attack,0.99958211,-113,1,170
4101,0,Normal,1,Attack,0.80448192,-122,0,168
4102,0,Normal,0,Normal,0.10699424,-127,1,169
4103,1,Attack,1,Attack,0.99999964,-103,1,170
4104,0,Normal,0,Normal,0.19551814,-126,1,170
4105,1,Attack,1,Attack,0.80448192,-122,1,169
4106,0,Normal,1,Attack,0.89300579,-121,0,177
4107,0,Normal,1,Attack,0.66979825,-123,0,170
4108,1,Attack,1,Attack,0.99979395,-112,1,169
4109,0,Normal,0,Normal,0.33020177,-125,1,177
4110,1,Attack,1,Attack,0.99999857,-105,1,169
4111,1,Attack,1,Attack,0.99998784,-108,1,169
4112,1,Attack,1,Attack,1.0,126,1,169
4113,0,Normal,0,Normal,0.19551814,-126,1,170
4114,1,Attack,1,Attack,1.0,126,1,177
4115,1,Attack,1,Attack,1.0,-96,1,169
4116,0,Normal,0,Normal,0.10699424,-127,1,169
4117,1,Attack,1,Attack,0.99994993,-110,1,177
4118,1,Attack,1,Attack,1.0,-95,1,170
4119,0,Normal,0,Normal,0.10699424,-127,1,170
4120,1,Attack,1,Attack,1.0,127,1,178
4121,1,Attack,1,Attack,1.0,125,1,170
4122,1,Attack,1,Attack,0.99915278,-114,1,169
4123,0,Normal,1,Attack,0.89300579,-121,0,169
4124,1,Attack,1,Attack,0.99958211,-113,1,169
4125,1,Attack,1,Attack,0.9717049,-119,1,169
4126,0,Normal,0,Normal,0.10699424,-127,1,178
4127,0,Normal,0,Normal,0.19551814,-126,1,169
4128,0,Normal,0,Normal,0.10699424,-127,1,169
4129,0,Normal,0,Normal,0.33020177,-125,1,170
4130,1,Attack,1,Attack,0.99994993,-110,1,177
4131,1,Attack,1,Attack,1.0,-79,1,170
4132,1,Attack,1,Attack,0.99999988,-102,1,169
4133,1,Attack,1,Attack,0.80448192,-122,1,169
4134,0,Normal,1,Attack,0.5,-124,0,169
4135,0,Normal,1,Attack,0.80448192,-122,0,170
4136,0,Normal,0,Normal,0.33020177,-125,1,169
4137,0,Normal,1,Attack,0.80448192,-122,0,169
4138,1,Attack,1,Attack,1.0,-97,1,169
4139,0,Normal,1,Attack,0.66979825,-123,0,177
4140,1,Attack,1,Attack,1.0,126,1,170
4141,0,Normal,0,Normal,0.10699424,-127,1,169
4142,0,Normal,0,Normal,0.19551814,-126,1,169
4143,0,Normal,0,Normal,0.19551814,-126,1,169
4144,1,Attack,1,Attack,0.89300579,-121,1,170
4145,0,Normal,1,Attack,0.66979825,-123,0,170
4146,0,Normal,1,Attack,0.89300579,-121,0,169
4147,0,Normal,1,Attack,0.5,-124,0,169
4148,0,Normal,1,Attack,0.66979825,-123,0,176
4149,1,Attack,1,Attack,0.80448192,-122,1,169
4150,1,Attack,1,Attack,0.99999404,-107,1,169
4151,0,Normal,1,Attack,0.66979825,-123,0,169
4152,0,Normal,1,Attack,0.9717049,-119,0,176
4153,0,Normal,0,Normal,0.05577227,-128,1,170
4154,1,Attack,1,Attack,1.0,-96,1,169
4155,1,Attack,1,Attack,0.98584783,-118,1,169
4156,0,Normal,0,Normal,0.10699424,-127,1,170
4157,0,Normal,1,Attack,0.80448192,-122,0,169
4158,1,Attack,1,Attack,0.80448192,-122,1,169
4159,0,Normal,1,Attack,0.5,-124,0,169
4160,1,Attack,0,Normal,0.10699424,-127,0,169
4161,1,Attack,1,Attack,0.99999928,-104,1,170
4162,0,Normal,0,Normal,0.10699424,-127,1,170
4163,0,Normal,1,Attack,0.9717049,-119,0,169
4164,0,Normal,0,Normal,0.19551814,-126,1,169
4165,1,Attack,1,Attack,0.80448192,-122,1,170
4166,1,Attack,1,Attack,1.0,-99,1,169
4167,1,Attack,0,Normal,0.19551814,-126,0,177
4168,0,Normal,1,Attack,0.89300579,-121,0,170
4169,1,Attack,1,Attack,0.99828303,-115,1,169
4170,1,Attack,1,Attack,0.80448192,-122,1,170
4171,1,Attack,1,Attack,0.99999404,-107,1,177
4172,1,Attack,1,Attack,0.99999404,-107,1,169
4173,0,Normal,0,Normal,0.33020177,-125,1,177
4174,0,Normal,0,Normal,0.05577227,-128,1,169
4175,0,Normal,1,Attack,0.66979825,-123,0,169
4176,1,Attack,1,Attack,1.0,127,1,176
4177,0,Normal,1,Attack,0.94422776,-120,0,169
4178,0,Normal,0,Normal,0.33020177,-125,1,170
4179,1,Attack,1,Attack,0.99999928,-104,1,169
4180,1,Attack,1,Attack,0.80448192,-122,1,178
4181,0,Normal,1,Attack,0.5,-124,0,169
4182,1,Attack,1,Attack,0.99999988,-102,1,170
4183,0,Normal,0,Normal,0.10699424,-127,1,170
4184,1,Attack,1,Attack,0.99994993,-110,1,170
4185,1,Attack,1,Attack,0.89300579,-121,1,169
4186,1,Attack,1,Attack,0.99998784,-108,1,169
4187,0,Normal,1,Attack,0.80448192,-122,0,177
4188,1,Attack,1,Attack,0.94422776,-120,1,169
4189,0,Normal,1,Attack,0.80448192,-122,0,177
4190,1,Attack,1,Attack,0.98584783,-118,1,169
4191,0,Normal,0,Normal,0.05577227,-128,1,170
4192,1,Attack,1,Attack,1.0,-91,1,177
4193,1,Attack,1,Attack,0.99828303,-115,1,169
4194,1,Attack,1,Attack,1.0,-83,1,169
4195,0,Normal,0,Normal,0.19551814,-126,1,169
4196,0,Normal,1,Attack,0.80448192,-122,0,178
4197,1,Attack,1,Attack,0.99999988,-101,1,178
4198,0,Normal,1,Attack,0.98584783,-118,0,169
4199,0,Normal,1,Attack,0.89300579,-121,0,170
4200,1,Attack,1,Attack,0.89300579,-121,1,169
4201,0,Normal,0,Normal,0.19551814,-126,1,169
4202,0,Normal,0,Normal,0.10699424,-127,1,169
4203,0,Normal,0,Normal,0.19551814,-126,1,169
4204,0,Normal,0,Normal,0.10699424,-127,1,170
4205,0,Normal,1,Attack,0.80448192,-122,0,169
4206,0,Normal,0,Normal,0.19551814,-126,1,169
4207,1,Attack,1,Attack,0.98584783,-118,1,169
4208,0,Normal,0,Normal,0.10699424,-127,1,178
4209,1,Attack,1,Attack,0.80448192,-122,1,169
4210,0,Normal,1,Attack,0.66979825,-123,0,169
4211,1,Attack,1,Attack,0.80448192,-122,1,168
4212,0,Normal,0,Normal,0.10699424,-127,1,169
4213,1,Attack,1,Attack,0.80448192,-122,1,169
4214,0,Normal,0,Normal,0.19551814,-126,1,170
4215,1,Attack,1,Attack,0.99997532,-109,1,176
4216,1,Attack,1,Attack,1.0,-100,1,170
4217,1,Attack,1,Attack,0.98584783,-118,1,169
4218,0,Normal,0,Normal,0.19551814,-126,1,169
4219,0,Normal,1,Attack,0.5,-124,0,169
4220,1,Attack,1,Attack,0.99652326,-116,1,169
4221,0,Normal,0,Normal,0.33020177,-125,1,177
4222,1,Attack,1,Attack,1.0,-72,1,170
4223,1,Attack,1,Attack,0.99828303,-115,1,169
4224,0,Normal,1,Attack,0.66979825,-123,0,177
4225,1,Attack,1,Attack,0.99297273,-117,1,169
4226,1,Attack,1,Attack,0.9717049,-119,1,170
4227,1,Attack,1,Attack,0.99958211,-113,1,170
4228,1,Attack,1,Attack,0.66979825,-123,1,169
4229,0,Normal,1,Attack,0.94422776,-120,0,169
4230,1,Attack,1,Attack,1.0,-88,1,177
4231,0,Normal,0,Normal,0.19551814,-126,1,170
4232,1,Attack,1,Attack,0.66979825,-123,1,170
4233,1,Attack,1,Attack,1.0,127,1,169
4234,1,Attack,1,Attack,0.9717049,-119,1,169
4235,1,Attack,1,Attack,0.99999857,-105,1,169
4236,1,Attack,1,Attack,0.99999988,-102,1,176
4237,1,Attack,1,Attack,1.0,-100,1,169
4238,0,Normal,1,Attack,0.5,-124,0,169
4239,1,Attack,0,Normal,0.33020177,-125,0,169
4240,0,Normal,1,Attack,0.89300579,-121,0,170
4241,0,Normal,1,Attack,0.5,-124,0,178
4242,1,Attack,1,Attack,1.0,-91,1,169
4243,1,Attack,1,Attack,0.94422776,-120,1,170
4244,1,Attack,0,Normal,0.19551814,-126,0,170
4245,1,Attack,1,Attack,0.89300579,-121,1,170
4246,1,Attack,1,Attack,0.94422776,-120,1,177
4247,1,Attack,1,Attack,0.80448192,-122,1,178
4248,1,Attack,0,Normal,0.10699424,-127,0,169
4249,0,Normal,1,Attack,0.80448192,-122,0,169
4250,1,Attack,1,Attack,0.89300579,-121,1,169
4251,1,Attack,1,Attack,0.98584783,-118,1,170
4252,0,Normal,0,Normal,0.33020177,-125,1,169
4253,1,Attack,1,Attack,1.0,-85,1,169
4254,0,Normal,0,Normal,0.05577227,-128,1,177
4255,0,Normal,0,Normal,0.10699424,-127,1,169
4256,0,Normal,0,Normal,0.05577227,-128,1,169
4257,0,Normal,0,Normal,0.19551814,-126,1,170
4258,1,Attack,1,Attack,0.99828303,-115,1,169
4259,1,Attack,1,Attack,0.99999857,-105,1,177
4260,0,Normal,0,Normal,0.10699424,-127,1,169
4261,0,Normal,0,Normal,0.33020177,-125,1,169
4262,1,Attack,1,Attack,0.99828303,-115,1,170
4263,1,Attack,1,Attack,1.0,-96,1,169
4264,1,Attack,1,Attack,0.99999964,-103,1,169
4265,0,Normal,0,Normal,0.10699424,-127,1,169
4266,0,Normal,1,Attack,0.89300579,-121,0,169
4267,0,Normal,1,Attack,0.89300579,-121,0,170
4268,0,Normal,0,Normal,0.10699424,-127,1,169
4269,1,Attack,1,Attack,0.99828303,-115,1,178
4270,0,Normal,0,Normal,0.19551814,-126,1,170
4271,1,Attack,1,Attack,1.0,-94,1,177
4272,0,Normal,0,Normal,0.10699424,-127,1,169
4273,1,Attack,1,Attack,0.89300579,-121,1,169
4274,0,Normal,0,Normal,0.33020177,-125,1,169
4275,0,Normal,1,Attack,0.80448192,-122,0,177
4276,0,Normal,0,Normal,0.10699424,-127,1,169
4277,1,Attack,1,Attack,1.0,-90,1,169
4278,0,Normal,0,Normal,0.33020177,-125,1,169
4279,0,Normal,0,Normal,0.10699424,-127,1,170
4280,0,Normal,0,Normal,0.10699424,-127,1,169
4281,0,Normal,0,Normal,0.19551814,-126,1,169
4282,0,Normal,0,Normal,0.10699424,-127,1,169
4283,0,Normal,1,Attack,0.66979825,-123,0,169
4284,0,Normal,0,Normal,0.10699424,-127,1,169
4285,1,Attack,1,Attack,0.80448192,-122,1,169
4286,1,Attack,1,Attack,0.99979395,-112,1,170
4287,0,Normal,0,Normal,0.10699424,-127,1,170
4288,1,Attack,1,Attack,0.99828303,-115,1,170
4289,0,Normal,0,Normal,0.10699424,-127,1,170
4290,1,Attack,1,Attack,0.99915278,-114,1,169
4291,0,Normal,0,Normal,0.10699424,-127,1,177
4292,1,Attack,1,Attack,0.99994993,-110,1,169
4293,1,Attack,1,Attack,1.0,-100,1,177
4294,1,Attack,1,Attack,1.0,-100,1,177
4295,1,Attack,1,Attack,0.89300579,-121,1,177
4296,1,Attack,1,Attack,0.99999964,-103,1,177
4297,0,Normal,0,Normal,0.10699424,-127,1,169
4298,1,Attack,0,Normal,0.05577227,-128,0,178
4299,1,Attack,1,Attack,0.89300579,-121,1,170
4300,1,Attack,1,Attack,0.99998784,-108,1,169
4301,0,Normal,0,Normal,0.10699424,-127,1,177
4302,0,Normal,0,Normal,0.10699424,-127,1,177
4303,0,Normal,0,Normal,0.10699424,-127,1,169
4304,1,Attack,0,Normal,0.33020177,-125,0,170
4305,0,Normal,1,Attack,0.89300579,-121,0,169
4306,0,Normal,0,Normal,0.10699424,-127,1,169
4307,1,Attack,0,Normal,0.10699424,-127,0,169
4308,1,Attack,1,Attack,1.0,-97,1,170
4309,0,Normal,0,Normal,0.19551814,-126,1,170
4310,0,Normal,0,Normal,0.19551814,-126,1,169
4311,0,Normal,0,Normal,0.19551814,-126,1,169
4312,1,Attack,1,Attack,0.99999928,-104,1,170
4313,1,Attack,1,Attack,1.0,-99,1,170
4314,1,Attack,1,Attack,0.94422776,-120,1,170
4315,1,Attack,1,Attack,0.80448192,-122,1,170
4316,1,Attack,1,Attack,0.98584783,-118,1,169
4317,1,Attack,1,Attack,0.99999404,-107,1,170
4318,0,Normal,1,Attack,0.66979825,-123,0,169
4319,1,Attack,1,Attack,0.99828303,-115,1,170
4320,0,Normal,0,Normal,0.19551814,-126,1,169
4321,1,Attack,1,Attack,0.5,-124,1,169
4322,0,Normal,0,Normal,0.10699424,-127,1,170
4323,1,Attack,0,Normal,0.10699424,-127,0,169
4324,1,Attack,1,Attack,0.66979825,-123,1,169
4325,0,Normal,1,Attack,0.89300579,-121,0,169
4326,0,Normal,0,Normal,0.10699424,-127,1,169
4327,1,Attack,1,Attack,1.0,127,1,170
4328,1,Attack,1,Attack,0.66979825,-123,1,169
4329,1,Attack,1,Attack,0.99999702,-106,1,170
4330,1,Attack,1,Attack,0.99652326,-116,1,170
4331,1,Attack,0,Normal,0.19551814,-126,0,170
4332,1,Attack,1,Attack,0.99652326,-116,1,178
4333,0,Normal,1,Attack,0.80448192,-122,0,169
4334,0,Normal,0,Normal,0.05577227,-128,1,169
4335,0,Normal,1,Attack,0.89300579,-121,0,170
4336,1,Attack,1,Attack,1.0,-97,1,169
4337,1,Attack,1,Attack,0.99958211,-113,1,170
4338,0,Normal,1,Attack,0.80448192,-122,0,177
4339,0,Normal,1,Attack,0.80448192,-122,0,178
4340,1,Attack,1,Attack,0.99652326,-116,1,170
4341,1,Attack,1,Attack,1.0,-85,1,169
4342,1,Attack,1,Attack,0.99652326,-116,1,177
4343,1,Attack,1,Attack,0.94422776,-120,1,170
4344,0,Normal,0,Normal,0.05577227,-128,1,169
4345,0,Normal,0,Normal,0.10699424,-127,1,169
4346,1,Attack,1,Attack,1.0,-97,1,169
4347,0,Normal,0,Normal,0.19551814,-126,1,169
4348,1,Attack,1,Attack,1.0,-95,1,170
4349,1,Attack,1,Attack,1.0,-82,1,169
4350,0,Normal,1,Attack,0.66979825,-123,0,169
4351,1,Attack,1,Attack,1.0,127,1,177
4352,1,Attack,1,Attack,1.0,115,1,170
4353,0,Normal,1,Attack,0.80448192,-122,0,177
4354,0,Normal,0,Normal,0.19551814,-126,1,169
4355,1,Attack,1,Attack,0.89300579,-121,1,169
4356,0,Normal,0,Normal,0.10699424,-127,1,169
4357,1,Attack,1,Attack,0.89300579,-121,1,168
4358,1,Attack,1,Attack,0.99652326,-116,1,178
4359,1,Attack,0,Normal,0.10699424,-127,0,168
4360,0,Normal,0,Normal,0.33020177,-125,1,171
4361,0,Normal,1,Attack,0.80448192,-122,0,177
4362,1,Attack,1,Attack,0.5,-124,1,171
4363,1,Attack,1,Attack,0.99999702,-106,1,169
4364,0,Normal,1,Attack,0.5,-124,0,170
4365,1,Attack,1,Attack,0.99999857,-105,1,176
4366,0,Normal,1,Attack,0.80448192,-122,0,171
4367,1,Attack,1,Attack,1.0,123,1,168
4368,1,Attack,1,Attack,0.89300579,-121,1,170
4369,0,Normal,0,Normal,0.33020177,-125,1,168
4370,0,Normal,1,Attack,0.5,-124,0,171
4371,0,Normal,0,Normal,0.10699424,-127,1,169
4372,0,Normal,1,Attack,0.66979825,-123,0,171
4373,0,Normal,0,Normal,0.10699424,-127,1,177
4374,1,Attack,1,Attack,0.99999964,-103,1,171
4375,0,Normal,1,Attack,0.99297273,-117,0,168
4376,0,Normal,0,Normal,0.19551814,-126,1,171
4377,0,Normal,0,Normal,0.10699424,-127,1,168
4378,0,Normal,0,Normal,0.10699424,-127,1,178
4379,0,Normal,0,Normal,0.10699424,-127,1,176
4380,0,Normal,0,Normal,0.10699424,-127,1,170
4381,1,Attack,1,Attack,0.98584783,-118,1,176
4382,0,Normal,1,Attack,0.9717049,-119,0,170
4383,1,Attack,1,Attack,1.0,124,1,176
4384,1,Attack,1,Attack,0.9717049,-119,1,171
4385,0,Normal,0,Normal,0.10699424,-127,1,176
4386,1,Attack,1,Attack,0.89300579,-121,1,179
4387,1,Attack,1,Attack,0.99979395,-112,1,169
4388,1,Attack,0,Normal,0.33020177,-125,0,179
4389,0,Normal,0,Normal,0.10699424,-127,1,168
4390,1,Attack,1,Attack,0.94422776,-120,1,171
4391,1,Attack,1,Attack,0.89300579,-121,1,168
4392,1,Attack,1,Attack,0.99999857,-105,1,171
4393,1,Attack,1,Attack,0.99297273,-117,1,169
4394,0,Normal,0,Normal,0.05577227,-128,1,171
4395,0,Normal,1,Attack,0.94422776,-120,0,169
4396,1,Attack,1,Attack,0.99979395,-112,1,179
4397,0,Normal,1,Attack,0.89300579,-121,0,168
4398,0,Normal,1,Attack,0.94422776,-120,0,171
4399,1,Attack,1,Attack,0.89300579,-121,1,169
4400,1,Attack,1,Attack,0.80448192,-122,1,170
4401,0,Normal,0,Normal,0.33020177,-125,1,176
4402,0,Normal,0,Normal,0.10699424,-127,1,170
4403,0,Normal,0,Normal,0.05577227,-128,1,168
4404,1,Attack,1,Attack,0.99999988,-102,1,171
4405,1,Attack,1,Attack,0.98584783,-118,1,176
4406,1,Attack,1,Attack,0.99828303,-115,1,170
4407,0,Normal,1,Attack,0.5,-124,0,168
4408,1,Attack,0,Normal,0.10699424,-127,0,170
4409,0,Normal,1,Attack,0.89300579,-121,0,168
4410,1,Attack,0,Normal,0.19551814,-126,0,171
4411,1,Attack,1,Attack,0.99828303,-115,1,168
4412,1,Attack,1,Attack,0.99999988,-101,1,170
4413,0,Normal,0,Normal,0.19551814,-126,1,169
4414,1,Attack,1,Attack,0.89300579,-121,1,171
4415,0,Normal,0,Normal,0.33020177,-125,1,168
4416,0,Normal,1,Attack,0.66979825,-123,0,171
4417,0,Normal,1,Attack,0.94422776,-120,0,168
4418,0,Normal,0,Normal,0.10699424,-127,1,170
4419,1,Attack,1,Attack,1.0,-86,1,177
4420,1,Attack,1,Attack,0.89300579,-121,1,171
4421,0,Normal,1,Attack,0.89300579,-121,0,168
4422,0,Normal,0,Normal,0.19551814,-126,1,171
4423,1,Attack,1,Attack,1.0,-92,1,168
4424,0,Normal,1,Attack,0.5,-124,0,171
4425,0,Normal,0,Normal,0.10699424,-127,1,169
4426,1,Attack,1,Attack,0.99999988,-101,1,171
4427,0,Normal,0,Normal,0.19551814,-126,1,168
4428,1,Attack,1,Attack,0.99999404,-107,1,178
4429,0,Normal,1,Attack,0.89300579,-121,0,168
4430,0,Normal,0,Normal,0.10699424,-127,1,171
4431,0,Normal,1,Attack,0.5,-124,0,168
4432,1,Attack,1,Attack,0.80448192,-122,1,171
4433,1,Attack,1,Attack,0.5,-124,1,175
4434,1,Attack,0,Normal,0.33020177,-125,0,179
4435,1,Attack,1,Attack,0.99999928,-104,1,168
4436,0,Normal,1,Attack,0.89300579,-121,0,171
4437,1,Attack,0,Normal,0.10699424,-127,0,176
4438,1,Attack,1,Attack,0.98584783,-118,1,169
4439,0,Normal,0,Normal,0.33020177,-125,1,170
4440,0,Normal,0,Normal,0.19551814,-126,1,170
4441,0,Normal,1,Attack,0.80448192,-122,0,169
4442,1,Attack,1,Attack,0.80448192,-122,1,169
4443,0,Normal,0,Normal,0.10699424,-127,1,170
4444,1,Attack,1,Attack,1.0,-90,1,177
4445,0,Normal,1,Attack,0.9717049,-119,0,168
4446,1,Attack,1,Attack,1.0,-84,1,170
4447,0,Normal,1,Attack,0.66979825,-123,0,168
4448,0,Normal,1,Attack,0.80448192,-122,0,169
4449,1,Attack,1,Attack,0.99828303,-115,1,170
4450,0,Normal,0,Normal,0.19551814,-126,1,169
4451,0,Normal,1,Attack,0.9717049,-119,0,169
4452,0,Normal,1,Attack,0.89300579,-121,0,177
4453,0,Normal,0,Normal,0.19551814,-126,1,170
4454,0,Normal,1,Attack,0.98584783,-118,0,169
4455,0,Normal,0,Normal,0.10699424,-127,1,170
4456,0,Normal,0,Normal,0.10699424,-127,1,169
4457,0,Normal,0,Normal,0.10699424,-127,1,169
4458,1,Attack,1,Attack,1.0,121,1,177
4459,0,Normal,1,Attack,0.89300579,-121,0,170
4460,0,Normal,0,Normal,0.33020177,-125,1,170
4461,1,Attack,1,Attack,0.99979395,-112,1,170
4462,1,Attack,1,Attack,0.99999964,-103,1,170
4463,0,Normal,0,Normal,0.19551814,-126,1,169
4464,0,Normal,1,Attack,0.66979825,-123,0,169
4465,0,Normal,0,Normal,0.10699424,-127,1,169
4466,1,Attack,1,Attack,0.89300579,-121,1,170
4467,1,Attack,1,Attack,0.9717049,-119,1,170
4468,0,Normal,0,Normal,0.19551814,-126,1,169
4469,1,Attack,1,Attack,0.89300579,-121,1,170
4470,0,Normal,1,Attack,0.94422776,-120,0,169
4471,1,Attack,0,Normal,0.10699424,-127,0,177
4472,0,Normal,1,Attack,0.66979825,-123,0,169
4473,1,Attack,1,Attack,1.0,127,1,170
4474,1,Attack,0,Normal,0.33020177,-125,0,178
4475,0,Normal,1,Attack,0.80448192,-122,0,169
4476,0,Normal,1,Attack,0.89300579,-121,0,170
4477,0,Normal,1,Attack,0.80448192,-122,0,177
4478,1,Attack,1,Attack,0.66979825,-123,1,170
4479,1,Attack,1,Attack,0.66979825,-123,1,169
4480,1,Attack,1,Attack,0.80448192,-122,1,178
4481,1,Attack,1,Attack,1.0,-99,1,169
4482,0,Normal,0,Normal,0.05577227,-128,1,169
4483,1,Attack,0,Normal,0.10699424,-127,0,170
4484,0,Normal,0,Normal,0.33020177,-125,1,169
4485,0,Normal,0,Normal,0.10699424,-127,1,178
4486,1,Attack,1,Attack,0.99994993,-110,1,169
4487,1,Attack,1,Attack,1.0,-62,1,176
4488,0,Normal,0,Normal,0.33020177,-125,1,169
4489,0,Normal,0,Normal,0.10699424,-127,1,170
4490,0,Normal,0,Normal,0.19551814,-126,1,169
4491,1,Attack,1,Attack,0.99997532,-109,1,169
4492,0,Normal,0,Normal,0.10699424,-127,1,177
4493,0,Normal,1,Attack,0.89300579,-121,0,170
4494,0,Normal,0,Normal,0.05577227,-128,1,169
4495,0,Normal,0,Normal,0.05577227,-128,1,170
4496,0,Normal,0,Normal,0.10699424,-127,1,169
4497,1,Attack,1,Attack,0.98584783,-118,1,169
4498,0,Normal,0,Normal,0.10699424,-127,1,177
4499,0,Normal,1,Attack,0.80448192,-122,0,169
4500,0,Normal,1,Attack,0.5,-124,0,169
4501,0,Normal,1,Attack,0.80448192,-122,0,177
4502,1,Attack,1,Attack,0.99997532,-109,1,169
4503,1,Attack,1,Attack,0.99915278,-114,1,169
4504,0,Normal,0,Normal,0.10699424,-127,1,169
4505,1,Attack,1,Attack,0.99999702,-106,1,177
4506,1,Attack,1,Attack,0.89300579,-121,1,169
4507,0,Normal,0,Normal,0.10699424,-127,1,169
4508,0,Normal,0,Normal,0.05577227,-128,1,169
4509,0,Normal,0,Normal,0.10699424,-127,1,169
4510,0,Normal,1,Attack,0.5,-124,0,169
4511,0,Normal,0,Normal,0.19551814,-126,1,169
4512,0,Normal,1,Attack,0.89300579,-121,0,169
4513,0,Normal,0,Normal,0.33020177,-125,1,177
4514,1,Attack,1,Attack,0.89300579,-121,1,169
4515,1,Attack,1,Attack,0.99999404,-107,1,169
4516,1,Attack,1,Attack,0.80448192,-122,1,169
4517,1,Attack,0,Normal,0.19551814,-126,0,170
4518,1,Attack,1,Attack,0.99915278,-114,1,169
4519,0,Normal,0,Normal,0.10699424,-127,1,170
4520,1,Attack,1,Attack,0.98584783,-118,1,170
4521,1,Attack,1,Attack,0.99999702,-106,1,170
4522,0,Normal,1,Attack,0.66979825,-123,0,177
4523,0,Normal,0,Normal,0.19551814,-126,1,169
4524,0,Normal,0,Normal,0.05577227,-128,1,169
4525,1,Attack,1,Attack,0.99652326,-116,1,169
4526,1,Attack,1,Attack,0.94422776,-120,1,178
4527,1,Attack,1,Attack,0.99915278,-114,1,177
4528,0,Normal,0,Normal,0.05577227,-128,1,169
4529,0,Normal,0,Normal,0.10699424,-127,1,176
4530,0,Normal,0,Normal,0.19551814,-126,1,176
4531,0,Normal,1,Attack,0.89300579,-121,0,169
4532,0,Normal,1,Attack,0.5,-124,0,169
4533,1,Attack,1,Attack,0.99999702,-106,1,170
4534,0,Normal,0,Normal,0.10699424,-127,1,169
4535,0,Normal,0,Normal,0.19551814,-126,1,169
4536,0,Normal,1,Attack,0.89300579,-121,0,169
4537,0,Normal,0,Normal,0.19551814,-126,1,170
4538,0,Normal,0,Normal,0.10699424,-127,1,178
4539,0,Normal,0,Normal,0.19551814,-126,1,176
4540,0,Normal,0,Normal,0.10699424,-127,1,170
4541,0,Normal,1,Attack,0.66979825,-123,0,169
4542,1,Attack,1,Attack,1.0,-89,1,170
4543,0,Normal,0,Normal,0.10699424,-127,1,176
4544,1,Attack,1,Attack,1.0,-90,1,169
4545,0,Normal,0,Normal,0.05577227,-128,1,170
4546,1,Attack,1,Attack,0.94422776,-120,1,177
4547,0,Normal,0,Normal,0.10699424,-127,1,177
4548,0,Normal,0,Normal,0.10699424,-127,1,169
4549,1,Attack,1,Attack,0.99989843,-111,1,170
4550,0,Normal,0,Normal,0.19551814,-126,1,170
4551,1,Attack,1,Attack,0.99828303,-115,1,169
4552,1,Attack,1,Attack,1.0,126,1,169
4553,0,Normal,0,Normal,0.10699424,-127,1,169
4554,0,Normal,1,Attack,0.80448192,-122,0,170
4555,0,Normal,0,Normal,0.10699424,-127,1,169
4556,0,Normal,0,Normal,0.19551814,-126,1,177
4557,1,Attack,1,Attack,1.0,127,1,170
4558,0,Normal,0,Normal,0.10699424,-127,1,169
4559,1,Attack,1,Attack,1.0,127,1,169
4560,1,Attack,1,Attack,1.0,-89,1,169
4561,1,Attack,1,Attack,0.80448192,-122,1,169
4562,0,Normal,0,Normal,0.10699424,-127,1,169
4563,1,Attack,1,Attack,0.99994993,-110,1,170
4564,0,Normal,0,Normal,0.10699424,-127,1,177
4565,1,Attack,1,Attack,1.0,-89,1,169
4566,0,Normal,0,Normal,0.10699424,-127,1,169
4567,1,Attack,1,Attack,0.99994993,-110,1,169
4568,0,Normal,0,Normal,0.10699424,-127,1,169
4569,0,Normal,0,Normal,0.10699424,-127,1,169
4570,0,Normal,0,Normal,0.19551814,-126,1,177
4571,0,Normal,1,Attack,0.80448192,-122,0,176
4572,1,Attack,1,Attack,0.98584783,-118,1,169
4573,0,Normal,1,Attack,0.94422776,-120,0,169
4574,1,Attack,1,Attack,0.99652326,-116,1,169
4575,1,Attack,1,Attack,0.99999988,-102,1,178
4576,0,Normal,1,Attack,0.66979825,-123,0,170
4577,0,Normal,0,Normal,0.10699424,-127,1,178
4578,0,Normal,0,Normal,0.10699424,-127,1,169
4579,0,Normal,0,Normal,0.33020177,-125,1,169
4580,1,Attack,1,Attack,0.80448192,-122,1,169
4581,1,Attack,1,Attack,0.9717049,-119,1,170
4582,0,Normal,0,Normal,0.10699424,-127,1,169
4583,1,Attack,1,Attack,0.99999404,-107,1,175
4584,0,Normal,1,Attack,0.89300579,-121,0,170
4585,0,Normal,1,Attack,0.94422776,-120,0,168
4586,0,Normal,1,Attack,0.66979825,-123,0,178
4587,1,Attack,0,Normal,0.19551814,-126,0,168
4588,1,Attack,1,Attack,0.99828303,-115,1,171
4589,1,Attack,1,Attack,0.99652326,-116,1,168
4590,0,Normal,1,Attack,0.80448192,-122,0,171
4591,1,Attack,1,Attack,0.99999702,-106,1,168
4592,0,Normal,0,Normal,0.10699424,-127,1,178
4593,0,Normal,0,Normal,0.10699424,-127,1,168
4594,1,Attack,1,Attack,0.99997532,-109,1,170
4595,0,Normal,0,Normal,0.10699424,-127,1,177
4596,1,Attack,1,Attack,0.99999702,-106,1,171
4597,1,Attack,1,Attack,1.0,126,1,168
4598,1,Attack,1,Attack,0.89300579,-121,1,171
4599,0,Normal,0,Normal,0.10699424,-127,1,168
4600,0,Normal,0,Normal,0.10699424,-127,1,171
4601,1,Attack,1,Attack,0.99989843,-111,1,168
4602,1,Attack,1,Attack,0.99989843,-111,1,170
4603,1,Attack,1,Attack,0.99994993,-110,1,168
4604,1,Attack,1,Attack,0.99958211,-113,1,170
4605,0,Normal,1,Attack,0.94422776,-120,0,168
4606,0,Normal,0,Normal,0.19551814,-126,1,177
4607,1,Attack,1,Attack,0.99999857,-105,1,169
4608,1,Attack,1,Attack,0.99979395,-112,1,170
4609,1,Attack,1,Attack,0.89300579,-121,1,169
4610,0,Normal,0,Normal,0.10699424,-127,1,169
4611,0,Normal,1,Attack,0.89300579,-121,0,177
4612,1,Attack,1,Attack,1.0,-94,1,178
4613,1,Attack,1,Attack,0.89300579,-121,1,170
4614,0,Normal,0,Normal,0.19551814,-126,1,169
4615,0,Normal,0,Normal,0.10699424,-127,1,169
4616,0,Normal,1,Attack,0.9717049,-119,0,170
4617,1,Attack,0,Normal,0.10699424,-127,0,178
4618,1,Attack,0,Normal,0.19551814,-126,0,169
4619,1,Attack,1,Attack,0.99999928,-104,1,170
4620,0,Normal,0,Normal,0.10699424,-127,1,170
4621,0,Normal,1,Attack,0.66979825,-123,0,177
4622,0,Normal,1,Attack,0.66979825,-123,0,169
4623,0,Normal,0,Normal,0.33020177,-125,1,168
4624,0,Normal,1,Attack,0.80448192,-122,0,177
4625,0,Normal,0,Normal,0.19551814,-126,1,169
4626,0,Normal,1,Attack,0.80448192,-122,0,170
4627,1,Attack,1,Attack,0.89300579,-121,1,169
4628,0,Normal,0,Normal,0.10699424,-127,1,169
4629,1,Attack,0,Normal,0.10699424,-127,0,169
4630,0,Normal,1,Attack,0.89300579,-121,0,169
4631,0,Normal,0,Normal,0.10699424,-127,1,169
4632,0,Normal,0,Normal,0.10699424,-127,1,177
4633,1,Attack,1,Attack,0.99997532,-109,1,169
4634,0,Normal,0,Normal,0.19551814,-126,1,170
4635,1,Attack,0,Normal,0.33020177,-125,0,178
4636,0,Normal,0,Normal,0.10699424,-127,1,169
4637,0,Normal,1,Attack,0.89300579,-121,0,169
4638,0,Normal,0,Normal,0.10699424,-127,1,170
4639,0,Normal,1,Attack,0.89300579,-121,0,170
4640,1,Attack,1,Attack,1.0,127,1,169
4641,0,Normal,0,Normal,0.33020177,-125,1,178
4642,0,Normal,0,Normal,0.10699424,-127,1,169
4643,1,Attack,1,Attack,0.80448192,-122,1,169
4644,0,Normal,0,Normal,0.19551814,-126,1,169
4645,0,Normal,0,Normal,0.10699424,-127,1,170
4646,0,Normal,1,Attack,0.80448192,-122,0,169
4647,0,Normal,1,Attack,0.89300579,-121,0,169
4648,1,Attack,1,Attack,0.80448192,-122,1,170
4649,0,Normal,0,Normal,0.33020177,-125,1,169
4650,1,Attack,1,Attack,0.80448192,-122,1,169
4651,1,Attack,1,Attack,0.99652326,-116,1,170
4652,0,Normal,1,Attack,0.89300579,-121,0,169
4653,0,Normal,0,Normal,0.33020177,-125,1,169
4654,1,Attack,1,Attack,0.99915278,-114,1,169
4655,1,Attack,1,Attack,1.0,120,1,177
4656,1,Attack,1,Attack,0.89300579,-121,1,169
4657,0,Normal,1,Attack,0.89300579,-121,0,168
4658,1,Attack,1,Attack,0.99979395,-112,1,171
4659,0,Normal,0,Normal,0.33020177,-125,1,168
4660,0,Normal,1,Attack,0.80448192,-122,0,171
4661,0,Normal,1,Attack,0.66979825,-123,0,176
4662,1,Attack,1,Attack,0.99999702,-106,1,171
4663,1,Attack,0,Normal,0.05577227,-128,0,168
4664,0,Normal,0,Normal,0.19551814,-126,1,179
4665,0,Normal,0,Normal,0.10699424,-127,1,168
4666,0,Normal,1,Attack,0.5,-124,0,171
4667,0,Normal,0,Normal,0.10699424,-127,1,176
4668,1,Attack,1,Attack,1.0,-87,1,170
4669,0,Normal,0,Normal,0.10699424,-127,1,168
4670,1,Attack,1,Attack,0.99297273,-117,1,171
4671,0,Normal,0,Normal,0.10699424,-127,1,168
4672,0,Normal,0,Normal,0.33020177,-125,1,171
4673,0,Normal,1,Attack,0.89300579,-121,0,168
4674,0,Normal,1,Attack,0.80448192,-122,0,170
4675,1,Attack,1,Attack,0.9717049,-119,1,168
4676,1,Attack,1,Attack,1.0,-95,1,178
4677,0,Normal,0,Normal,0.19551814,-126,1,169
4678,0,Normal,0,Normal,0.10699424,-127,1,179
4679,0,Normal,0,Normal,0.33020177,-125,1,168
4680,1,Attack,1,Attack,0.89300579,-121,1,171
4681,0,Normal,0,Normal,0.19551814,-126,1,168
4682,1,Attack,1,Attack,0.89300579,-121,1,171
4683,0,Normal,0,Normal,0.10699424,-127,1,177
4684,0,Normal,0,Normal,0.10699424,-127,1,171
4685,1,Attack,1,Attack,0.99998784,-108,1,168
4686,0,Normal,0,Normal,0.10699424,-127,1,170
4687,0,Normal,1,Attack,0.89300579,-121,0,176
4688,0,Normal,0,Normal,0.10699424,-127,1,170
4689,0,Normal,0,Normal,0.19551814,-126,1,168
4690,0,Normal,0,Normal,0.33020177,-125,1,171
4691,1,Attack,1,Attack,0.99652326,-116,1,168
4692,1,Attack,1,Attack,0.89300579,-121,1,171
4693,0,Normal,0,Normal,0.10699424,-127,1,176
4694,1,Attack,1,Attack,0.80448192,-122,1,170
4695,0,Normal,0,Normal,0.10699424,-127,1,176
4696,1,Attack,1,Attack,0.99828303,-115,1,170
4697,1,Attack,1,Attack,0.94422776,-120,1,168
4698,1,Attack,1,Attack,0.9717049,-119,1,171
4699,1,Attack,1,Attack,0.98584783,-118,1,168
4700,1,Attack,1,Attack,0.99297273,-117,1,171
4701,1,Attack,1,Attack,1.0,-97,1,168
4702,0,Normal,1,Attack,0.5,-124,0,171
4703,1,Attack,1,Attack,1.0,125,1,168
4704,1,Attack,1,Attack,0.99999404,-107,1,170
4705,0,Normal,1,Attack,0.66979825,-123,0,168
4706,1,Attack,1,Attack,0.99915278,-114,1,177
4707,0,Normal,0,Normal,0.10699424,-127,1,168
4708,0,Normal,0,Normal,0.10699424,-127,1,170
4709,1,Attack,1,Attack,1.0,127,1,168
4710,1,Attack,1,Attack,0.99999964,-103,1,170
4711,1,Attack,1,Attack,0.9717049,-119,1,168
4712,1,Attack,1,Attack,1.0,-95,1,171
4713,1,Attack,1,Attack,0.66979825,-123,1,168
4714,1,Attack,0,Normal,0.19551814,-126,0,171
4715,0,Normal,1,Attack,0.80448192,-122,0,176
4716,0,Normal,0,Normal,0.33020177,-125,1,178
4717,0,Normal,0,Normal,0.10699424,-127,1,168
4718,0,Normal,1,Attack,0.5,-124,0,171
4719,1,Attack,1,Attack,1.0,127,1,168
4720,0,Normal,1,Attack,0.94422776,-120,0,171
4721,0,Normal,0,Normal,0.05577227,-128,1,176
4722,0,Normal,1,Attack,0.66979825,-123,0,171
4723,0,Normal,0,Normal,0.10699424,-127,1,168
4724,1,Attack,1,Attack,0.99297273,-117,1,178
4725,1,Attack,1,Attack,1.0,-95,1,169
4726,0,Normal,1,Attack,0.89300579,-121,0,171
4727,1,Attack,0,Normal,0.10699424,-127,0,168
4728,0,Normal,0,Normal,0.19551814,-126,1,171
4729,1,Attack,1,Attack,0.99999988,-102,1,175
4730,0,Normal,0,Normal,0.10699424,-127,1,171
4731,0,Normal,1,Attack,0.89300579,-121,0,168
4732,1,Attack,1,Attack,0.99297273,-117,1,177
4733,0,Normal,0,Normal,0.33020177,-125,1,169
4734,0,Normal,0,Normal,0.19551814,-126,1,177
4735,1,Attack,1,Attack,0.80448192,-122,1,178
4736,1,Attack,1,Attack,0.9717049,-119,1,169
4737,0,Normal,0,Normal,0.10699424,-127,1,169
4738,1,Attack,0,Normal,0.10699424,-127,0,176
4739,1,Attack,1,Attack,0.99999988,-102,1,169
4740,0,Normal,0,Normal,0.05577227,-128,1,177
4741,1,Attack,1,Attack,0.99958211,-113,1,169
4742,0,Normal,1,Attack,0.5,-124,0,170
4743,1,Attack,1,Attack,1.0,-98,1,170
4744,0,Normal,1,Attack,0.89300579,-121,0,169
4745,1,Attack,1,Attack,0.99999964,-103,1,170
4746,0,Normal,0,Normal,0.10699424,-127,1,169
4747,1,Attack,0,Normal,0.10699424,-127,0,169
4748,1,Attack,1,Attack,0.99997532,-109,1,169
4749,1,Attack,1,Attack,1.0,127,1,177
4750,0,Normal,0,Normal,0.10699424,-127,1,170
4751,1,Attack,1,Attack,0.89300579,-121,1,170
4752,0,Normal,1,Attack,0.94422776,-120,0,169
4753,1,Attack,1,Attack,1.0,125,1,169
4754,0,Normal,1,Attack,0.89300579,-121,0,170
4755,1,Attack,1,Attack,1.0,-100,1,169
4756,0,Normal,0,Normal,0.10699424,-127,1,170
4757,1,Attack,1,Attack,0.9717049,-119,1,170
4758,1,Attack,1,Attack,0.80448192,-122,1,169
4759,1,Attack,0,Normal,0.33020177,-125,0,170
4760,0,Normal,0,Normal,0.05577227,-128,1,169
4761,1,Attack,1,Attack,0.9717049,-119,1,170
4762,1,Attack,1,Attack,0.99652326,-116,1,169
4763,1,Attack,1,Attack,0.99999404,-107,1,170
4764,1,Attack,1,Attack,0.99999404,-107,1,169
4765,0,Normal,1,Attack,0.5,-124,0,169
4766,0,Normal,0,Normal,0.10699424,-127,1,169
4767,0,Normal,1,Attack,0.89300579,-121,0,169
4768,0,Normal,0,Normal,0.10699424,-127,1,169
4769,0,Normal,0,Normal,0.19551814,-126,1,177
4770,0,Normal,1,Attack,0.66979825,-123,0,170
4771,0,Normal,0,Normal,0.10699424,-127,1,169
4772,0,Normal,0,Normal,0.10699424,-127,1,169
4773,1,Attack,1,Attack,0.99652326,-116,1,169
4774,1,Attack,0,Normal,0.19551814,-126,0,170
4775,0,Normal,1,Attack,0.94422776,-120,0,169
4776,1,Attack,1,Attack,0.98584783,-118,1,169
4777,1,Attack,1,Attack,0.99999404,-107,1,176
4778,0,Normal,0,Normal,0.10699424,-127,1,169
4779,1,Attack,1,Attack,0.99915278,-114,1,169
4780,0,Normal,0,Normal,0.19551814,-126,1,169
4781,1,Attack,1,Attack,0.99915278,-114,1,170
4782,1,Attack,1,Attack,0.89300579,-121,1,169
4783,1,Attack,1,Attack,1.0,-97,1,176
4784,1,Attack,1,Attack,0.99958211,-113,1,171
4785,0,Normal,0,Normal,0.05577227,-128,1,168
4786,0,Normal,0,Normal,0.10699424,-127,1,178
4787,1,Attack,0,Normal,0.10699424,-127,0,168
4788,1,Attack,1,Attack,0.99652326,-116,1,170
4789,0,Normal,1,Attack,0.89300579,-121,0,168
4790,0,Normal,0,Normal,0.10699424,-127,1,171
4791,1,Attack,1,Attack,1.0,126,1,168
4792,0,Normal,0,Normal,0.10699424,-127,1,170
4793,1,Attack,0,Normal,0.19551814,-126,0,168
4794,0,Normal,0,Normal,0.10699424,-127,1,170
4795,1,Attack,1,Attack,0.99915278,-114,1,168
4796,1,Attack,1,Attack,0.99652326,-116,1,170
4797,0,Normal,0,Normal,0.19551814,-126,1,168
4798,1,Attack,1,Attack,0.89300579,-121,1,171
4799,1,Attack,1,Attack,1.0,-88,1,168
4800,1,Attack,1,Attack,0.66979825,-123,1,179
4801,1,Attack,1,Attack,1.0,-99,1,168
4802,0,Normal,1,Attack,0.5,-124,0,171
4803,0,Normal,1,Attack,0.89300579,-121,0,168
4804,1,Attack,1,Attack,1.0,-85,1,170
4805,0,Normal,0,Normal,0.10699424,-127,1,168
4806,0,Normal,1,Attack,0.80448192,-122,0,170
4807,1,Attack,1,Attack,0.99652326,-116,1,176
4808,1,Attack,1,Attack,0.89300579,-121,1,171
4809,1,Attack,1,Attack,0.89300579,-121,1,177
4810,1,Attack,1,Attack,0.99652326,-116,1,171
4811,1,Attack,0,Normal,0.10699424,-127,0,168
4812,1,Attack,1,Attack,1.0,118,1,170
4813,0,Normal,1,Attack,0.66979825,-123,0,168
4814,1,Attack,1,Attack,0.89300579,-121,1,170
4815,0,Normal,0,Normal,0.10699424,-127,1,168
4816,1,Attack,1,Attack,0.94422776,-120,1,170
4817,0,Normal,1,Attack,0.66979825,-123,0,168
4818,0,Normal,0,Normal,0.10699424,-127,1,170
4819,0,Normal,0,Normal,0.05577227,-128,1,168
4820,1,Attack,1,Attack,1.0,-99,1,170
4821,0,Normal,1,Attack,0.89300579,-121,0,168
4822,1,Attack,1,Attack,0.99999964,-103,1,170
4823,0,Normal,0,Normal,0.10699424,-127,1,168
4824,1,Attack,0,Normal,0.19551814,-126,0,170
4825,0,Normal,0,Normal,0.10699424,-127,1,176
4826,1,Attack,1,Attack,0.99652326,-116,1,170
4827,0,Normal,1,Attack,0.89300579,-121,0,176
4828,0,Normal,1,Attack,0.89300579,-121,0,171
4829,0,Normal,0,Normal,0.19551814,-126,1,168
4830,1,Attack,1,Attack,1.0,118,1,171
4831,1,Attack,1,Attack,0.9717049,-119,1,176
4832,0,Normal,0,Normal,0.10699424,-127,1,170
4833,0,Normal,1,Attack,0.89300579,-121,0,168
4834,1,Attack,1,Attack,0.80448192,-122,1,179
4835,1,Attack,1,Attack,0.89300579,-121,1,168
4836,0,Normal,0,Normal,0.05577227,-128,1,170
4837,0,Normal,0,Normal,0.10699424,-127,1,168
4838,0,Normal,0,Normal,0.19551814,-126,1,170
4839,1,Attack,1,Attack,0.99828303,-115,1,176
4840,1,Attack,1,Attack,0.94422776,-120,1,179
4841,1,Attack,1,Attack,0.9717049,-119,1,168
4842,0,Normal,1,Attack,0.89300579,-121,0,171
4843,1,Attack,0,Normal,0.19551814,-126,0,168
4844,1,Attack,1,Attack,1.0,-96,1,170
4845,0,Normal,1,Attack,0.94422776,-120,0,176
4846,1,Attack,1,Attack,0.80448192,-122,1,170
4847,0,Normal,0,Normal,0.10699424,-127,1,168
4848,1,Attack,1,Attack,0.99999988,-101,1,171
4849,0,Normal,1,Attack,0.80448192,-122,0,168
4850,0,Normal,0,Normal,0.10699424,-127,1,171
4851,1,Attack,1,Attack,0.99989843,-111,1,168
4852,1,Attack,1,Attack,1.0,117,1,171
4853,1,Attack,1,Attack,0.80448192,-122,1,168
4854,1,Attack,1,Attack,1.0,-87,1,170
4855,1,Attack,1,Attack,0.94422776,-120,1,168
4856,0,Normal,1,Attack,0.89300579,-121,0,171
4857,1,Attack,1,Attack,0.66979825,-123,1,176
4858,0,Normal,0,Normal,0.05577227,-128,1,171
4859,1,Attack,0,Normal,0.10699424,-127,0,168
4860,1,Attack,1,Attack,1.0,-80,1,171
4861,0,Normal,1,Attack,0.98584783,-118,0,168
4862,0,Normal,0,Normal,0.10699424,-127,1,170
4863,1,Attack,1,Attack,1.0,-66,1,168
4864,0,Normal,1,Attack,0.5,-124,0,171
4865,1,Attack,1,Attack,0.98584783,-118,1,168
4866,0,Normal,1,Attack,0.80448192,-122,0,170
4867,0,Normal,1,Attack,0.89300579,-121,0,168
4868,0,Normal,0,Normal,0.10699424,-127,1,170
4869,1,Attack,1,Attack,1.0,-85,1,168
4870,1,Attack,1,Attack,1.0,127,1,170
4871,0,Normal,0,Normal,0.10699424,-127,1,169
4872,1,Attack,1,Attack,0.99297273,-117,1,171
4873,1,Attack,1,Attack,0.99999988,-102,1,168
4874,1,Attack,1,Attack,0.99828303,-115,1,171
4875,1,Attack,1,Attack,0.98584783,-118,1,168
4876,1,Attack,1,Attack,0.99915278,-114,1,170
4877,1,Attack,1,Attack,0.98584783,-118,1,168
4878,0,Normal,1,Attack,0.66979825,-123,0,170
4879,1,Attack,1,Attack,0.99999702,-106,1,176
4880,0,Normal,1,Attack,0.66979825,-123,0,171
4881,1,Attack,1,Attack,1.0,-78,1,168
4882,1,Attack,1,Attack,0.99979395,-112,1,177
4883,0,Normal,0,Normal,0.05577227,-128,1,168
4884,0,Normal,0,Normal,0.10699424,-127,1,179
4885,1,Attack,1,Attack,0.89300579,-121,1,168
4886,0,Normal,1,Attack,0.66979825,-123,0,171
4887,1,Attack,1,Attack,0.94422776,-120,1,168
4888,1,Attack,1,Attack,0.9717049,-119,1,171
4889,1,Attack,1,Attack,0.99915278,-114,1,168
4890,1,Attack,1,Attack,0.99915278,-114,1,171
4891,0,Normal,1,Attack,0.5,-124,0,169
4892,0,Normal,1,Attack,0.80448192,-122,0,170
4893,0,Normal,0,Normal,0.19551814,-126,1,176
4894,0,Normal,0,Normal,0.10699424,-127,1,170
4895,0,Normal,0,Normal,0.19551814,-126,1,168
4896,1,Attack,1,Attack,0.80448192,-122,1,171
4897,1,Attack,1,Attack,0.94422776,-120,1,168
4898,1,Attack,1,Attack,1.0,-98,1,171
4899,0,Normal,0,Normal,0.10699424,-127,1,168
4900,1,Attack,0,Normal,0.10699424,-127,0,171
4901,0,Normal,1,Attack,0.66979825,-123,0,168
4902,1,Attack,1,Attack,0.94422776,-120,1,170
4903,1,Attack,1,Attack,1.0,-87,1,168
4904,0,Normal,0,Normal,0.19551814,-126,1,171
4905,0,Normal,0,Normal,0.10699424,-127,1,169
4906,1,Attack,1,Attack,0.99999988,-102,1,171
4907,0,Normal,0,Normal,0.33020177,-125,1,168
4908,0,Normal,1,Attack,0.89300579,-121,0,170
4909,0,Normal,0,Normal,0.10699424,-127,1,168
4910,0,Normal,0,Normal,0.19551814,-126,1,178
4911,0,Normal,1,Attack,0.66979825,-123,0,168
4912,0,Normal,1,Attack,0.5,-124,0,170
4913,0,Normal,0,Normal,0.10699424,-127,1,168
4914,0,Normal,0,Normal,0.10699424,-127,1,178
4915,1,Attack,1,Attack,0.99989843,-111,1,168
4916,0,Normal,1,Attack,0.80448192,-122,0,170
4917,1,Attack,1,Attack,0.99999928,-104,1,176
4918,1,Attack,1,Attack,0.99979395,-112,1,170
4919,1,Attack,0,Normal,0.33020177,-125,0,168
4920,0,Normal,0,Normal,0.10699424,-127,1,170
4921,0,Normal,0,Normal,0.19551814,-126,1,168
4922,1,Attack,1,Attack,1.0,118,1,170
4923,0,Normal,0,Normal,0.10699424,-127,1,168
4924,1,Attack,1,Attack,0.99999702,-106,1,171
4925,0,Normal,0,Normal,0.10699424,-127,1,168
4926,0,Normal,0,Normal,0.10699424,-127,1,170
4927,1,Attack,1,Attack,0.99652326,-116,1,168
4928,0,Normal,1,Attack,0.80448192,-122,0,170
4929,0,Normal,0,Normal,0.19551814,-126,1,168
4930,1,Attack,1,Attack,0.9717049,-119,1,171
4931,1,Attack,1,Attack,0.99999404,-107,1,168
4932,0,Normal,0,Normal,0.19551814,-126,1,178
4933,1,Attack,1,Attack,0.66979825,-123,1,168
4934,0,Normal,0,Normal,0.19551814,-126,1,170
4935,0,Normal,1,Attack,0.66979825,-123,0,168
4936,0,Normal,0,Normal,0.10699424,-127,1,171
4937,0,Normal,0,Normal,0.19551814,-126,1,169
4938,0,Normal,0,Normal,0.05577227,-128,1,179
4939,0,Normal,1,Attack,0.80448192,-122,0,169
4940,0,Normal,0,Normal,0.10699424,-127,1,171
4941,0,Normal,0,Normal,0.10699424,-127,1,168
4942,1,Attack,1,Attack,0.80448192,-122,1,170
4943,0,Normal,1,Attack,0.89300579,-121,0,176
4944,1,Attack,1,Attack,0.99652326,-116,1,170
4945,0,Normal,0,Normal,0.10699424,-127,1,168
4946,1,Attack,1,Attack,0.89300579,-121,1,177
4947,0,Normal,1,Attack,0.9717049,-119,0,168
4948,0,Normal,1,Attack,0.80448192,-122,0,170
4949,0,Normal,0,Normal,0.10699424,-127,1,168
4950,0,Normal,0,Normal,0.33020177,-125,1,170
4951,0,Normal,0,Normal,0.10699424,-127,1,168
4952,0,Normal,1,Attack,0.5,-124,0,171
4953,1,Attack,1,Attack,0.80448192,-122,1,168
4954,0,Normal,0,Normal,0.10699424,-127,1,170
4955,1,Attack,1,Attack,0.80448192,-122,1,168
4956,0,Normal,0,Normal,0.10699424,-127,1,171
4957,0,Normal,0,Normal,0.10699424,-127,1,169
4958,1,Attack,0,Normal,0.10699424,-127,0,171
4959,0,Normal,0,Normal,0.33020177,-125,1,168
4960,1,Attack,1,Attack,0.99999988,-102,1,171
4961,0,Normal,0,Normal,0.10699424,-127,1,176
4962,0,Normal,0,Normal,0.10699424,-127,1,171
4963,0,Normal,0,Normal,0.10699424,-127,1,169
4964,1,Attack,1,Attack,0.5,-124,1,171
4965,0,Normal,0,Normal,0.10699424,-127,1,168
4966,1,Attack,1,Attack,0.9717049,-119,1,179
4967,0,Normal,0,Normal,0.19551814,-126,1,168
4968,0,Normal,0,Normal,0.19551814,-126,1,171
4969,0,Normal,0,Normal,0.19551814,-126,1,168
4970,1,Attack,1,Attack,0.99297273,-117,1,179
4971,0,Normal,0,Normal,0.19551814,-126,1,168
4972,1,Attack,1,Attack,0.9717049,-119,1,170
4973,0,Normal,1,Attack,0.94422776,-120,0,176
4974,1,Attack,1,Attack,0.99999702,-106,1,171
4975,0,Normal,0,Normal,0.19551814,-126,1,169
4976,1,Attack,1,Attack,1.0,-78,1,178
4977,0,Normal,1,Attack,0.66979825,-123,0,169
4978,0,Normal,1,Attack,0.80448192,-122,0,171
4979,0,Normal,1,Attack,0.5,-124,0,168
4980,1,Attack,1,Attack,0.80448192,-122,1,171
4981,1,Attack,1,Attack,0.9717049,-119,1,168
4982,0,Normal,0,Normal,0.10699424,-127,1,170
4983,0,Normal,1,Attack,0.89300579,-121,0,168
4984,0,Normal,0,Normal,0.19551814,-126,1,171
4985,1,Attack,1,Attack,1.0,-91,1,168
4986,1,Attack,1,Attack,0.80448192,-122,1,170
4987,0,Normal,0,Normal,0.10699424,-127,1,176
4988,1,Attack,1,Attack,0.99989843,-111,1,170
4989,1,Attack,1,Attack,1.0,-86,1,168
4990,0,Normal,1,Attack,0.89300579,-121,0,170
4991,1,Attack,1,Attack,0.94422776,-120,1,168
4992,1,Attack,1,Attack,1.0,-97,1,170
4993,1,Attack,1,Attack,1.0,127,1,168
4994,0,Normal,1,Attack,0.5,-124,0,171
4995,1,Attack,1,Attack,1.0,-83,1,168
4996,1,Attack,1,Attack,0.80448192,-122,1,178
4997,1,Attack,1,Attack,0.99652326,-116,1,168
4998,1,Attack,1,Attack,0.94422776,-120,1,171
4999,0,Normal,1,Attack,0.5,-124,0,168
